answer_uid,volume,id_str,page_no,question_id_hint,reason,question_uid_candidates
v1:1.2.16,1,1.2.16,14,1929,question_id_not_in_questions_dataset,
v1:2.2.11,1,2.2.11,30,1932,question_id_not_in_questions_dataset,
v1:2.4.21,1,2.4.21,30,1931,question_id_not_in_questions_dataset,
v1:2.5.1,1,2.5.1,30,1611,question_id_not_in_questions_dataset,
v1:2.5.2,1,2.5.2,30,2018,question_id_not_in_questions_dataset,
v1:3.1.18,1,3.1.18,47,769,question_id_not_in_questions_dataset,
v1:3.3.27,1,3.3.27,47,1933,question_id_not_in_questions_dataset,
v1:3.3.39,1,3.3.39,47,422943,question_id_not_in_questions_dataset,
v1:4.3.18,1,4.3.18,79,1930,question_id_not_in_questions_dataset,
v1:5.1.5,1,5.1.5,92,1925,question_id_not_in_questions_dataset,
v1:5.1.8,1,5.1.8,92,422935,question_id_not_in_questions_dataset,
v1:5.1.9,1,5.1.9,92,41570,question_id_not_in_questions_dataset,
v1:5.3.2,1,5.3.2,92,1924,question_id_not_in_questions_dataset,
v1:5.3.3,1,5.3.3,92,1763,question_id_not_in_questions_dataset,
v1:5.3.8,1,5.3.8,92,461008,question_id_not_in_questions_dataset,
v1:5.3.9,1,5.3.9,92,461018,question_id_not_in_questions_dataset,
v1:5.3.10,1,5.3.10,92,460981,question_id_not_in_questions_dataset,
v1:5.5.13,1,5.5.13,92,460973,question_id_not_in_questions_dataset,
v1:5.5.14,1,5.5.14,92,422912,question_id_not_in_questions_dataset,
v1:5.5.15,1,5.5.15,92,413622,question_id_not_in_questions_dataset,
v1:5.6.10,1,5.6.10,92,460983,question_id_not_in_questions_dataset,
v1:5.6.11,1,5.6.11,92,422922,question_id_not_in_questions_dataset,
v1:5.6.12,1,5.6.12,92,422957,question_id_not_in_questions_dataset,
v1:7.2.1,1,7.2.1,136,422948,question_id_not_in_questions_dataset,
v1:7.2.2,1,7.2.2,136,422908,question_id_not_in_questions_dataset,
v1:7.3.1,1,7.3.1,136,460992,question_id_not_in_questions_dataset,
v1:7.9.7,1,7.9.7,136,,question_id_missing_hint,
v1:7.7.10,1,7.7.10,136,461021,question_id_not_in_questions_dataset,
v1:7.7.11,1,7.7.11,136,461012,question_id_not_in_questions_dataset,
v1:7.7.13,1,7.7.13,136,422936,question_id_not_in_questions_dataset,
v1:7.8.2,1,7.8.2,136,461011,question_id_not_in_questions_dataset,
v1:7.8.3,1,7.8.3,136,460991,question_id_not_in_questions_dataset,
v1:7.8.4,1,7.8.4,136,422915,question_id_not_in_questions_dataset,
v1:7.9.5,1,7.9.5,136,460978,question_id_not_in_questions_dataset,
v1:7.9.6,1,7.9.6,136,422960,question_id_not_in_questions_dataset,
v1:7.12.12,1,7.12.12,136,1927,question_id_not_in_questions_dataset,
v1:7.12.23,1,7.12.23,136,460987,question_id_not_in_questions_dataset,
v1:7.12.24,1,7.12.24,136,422914,question_id_not_in_questions_dataset,
v1:7.12.25,1,7.12.25,136,413620,question_id_not_in_questions_dataset,
v1:8.1.2,1,8.1.2,171,40280,question_id_not_in_questions_dataset,
v1:8.2.3,1,8.2.3,171,41469,question_id_not_in_questions_dataset,
v1:8.2.4,1,8.2.4,171,205187,question_id_not_in_questions_dataset,
v1:8.2.5,1,8.2.5,171,313439,question_id_not_in_questions_dataset,
v1:8.4.1,1,8.4.1,171,411920,question_id_not_in_questions_dataset,
v1:8.5.5,1,8.5.5,171,359899,question_id_not_in_questions_dataset,
v1:8.5.6,1,8.5.6,171,411745,question_id_not_in_questions_dataset,
v1:8.5.7,1,8.5.7,171,359486,question_id_not_in_questions_dataset,
v1:8.5.8,1,8.5.8,171,359503,question_id_not_in_questions_dataset,
v1:8.5.9,1,8.5.9,171,41673,question_id_not_in_questions_dataset,
v1:8.5.10,1,8.5.10,171,40179,question_id_not_in_questions_dataset,
v1:8.5.11,1,8.5.11,171,108726,question_id_not_in_questions_dataset,
v1:8.5.12,1,8.5.12,171,313508,question_id_not_in_questions_dataset,
v1:8.6.2,1,8.6.2,171,359879,question_id_not_in_questions_dataset,
v1:8.6.3,1,8.6.3,171,411737,question_id_not_in_questions_dataset,
v1:8.6.4,1,8.6.4,171,110827,question_id_not_in_questions_dataset,
v1:8.6.5,1,8.6.5,171,313510,question_id_not_in_questions_dataset,
v1:8.6.6,1,8.6.6,171,313448,question_id_not_in_questions_dataset,
v1:8.6.7,1,8.6.7,171,313601,question_id_not_in_questions_dataset,
v1:8.7.1,1,8.7.1,171,41144,question_id_not_in_questions_dataset,
v1:8.9.1,1,8.9.1,171,426524,question_id_not_in_questions_dataset,
v1:8.9.2,1,8.9.2,171,411714,question_id_not_in_questions_dataset,
v1:8.9.8,1,8.9.8,171,359840,question_id_not_in_questions_dataset,
v1:8.9.9,1,8.9.9,171,411726,question_id_not_in_questions_dataset,
v1:8.9.10,1,8.9.10,171,411915,question_id_not_in_questions_dataset,
v1:8.9.11,1,8.9.11,171,411847,question_id_not_in_questions_dataset,
v1:8.9.12,1,8.9.12,171,426528,question_id_not_in_questions_dataset,
v1:8.9.13,1,8.9.13,171,411837,question_id_not_in_questions_dataset,
v1:8.9.14,1,8.9.14,171,411833,question_id_not_in_questions_dataset,
v1:8.9.16,1,8.9.16,171,411867,question_id_not_in_questions_dataset,
v1:8.9.17,1,8.9.17,171,359482,question_id_not_in_questions_dataset,
v1:8.9.18,1,8.9.18,171,359505,question_id_not_in_questions_dataset,
v1:8.9.19,1,8.9.19,171,411777,question_id_not_in_questions_dataset,
v1:8.9.20,1,8.9.20,171,411787,question_id_not_in_questions_dataset,
v1:8.9.21,1,8.9.21,171,40209,question_id_not_in_questions_dataset,
v1:8.9.22,1,8.9.22,171,31543,question_id_not_in_questions_dataset,
v1:8.9.23,1,8.9.23,171,40229,question_id_not_in_questions_dataset,
v1:8.9.24,1,8.9.24,171,40240,question_id_not_in_questions_dataset,
v1:8.9.27,1,8.9.27,171,39492,question_id_not_in_questions_dataset,
v1:8.9.28,1,8.9.28,171,108077,question_id_not_in_questions_dataset,
v1:8.9.29,1,8.9.29,171,110849,question_id_not_in_questions_dataset,
v1:8.9.30,1,8.9.30,171,313485,question_id_not_in_questions_dataset,
v1:8.9.31,1,8.9.31,171,313414,question_id_not_in_questions_dataset,
v1:8.9.32,1,8.9.32,171,313507,question_id_not_in_questions_dataset,
v1:8.9.33,1,8.9.33,171,313666,question_id_not_in_questions_dataset,
v1:8.9.34,1,8.9.34,171,313677,question_id_not_in_questions_dataset,
v1:8.9.36,1,8.9.36,171,205190,question_id_not_in_questions_dataset,
v1:8.9.37,1,8.9.37,171,313380,question_id_not_in_questions_dataset,
v1:8.9.38,1,8.9.38,171,313749,question_id_not_in_questions_dataset,
v1:8.9.39,1,8.9.39,171,313547,question_id_not_in_questions_dataset,
v1:8.10.2,1,8.10.2,171,313226,question_id_not_in_questions_dataset,
v1:8.10.3,1,8.10.3,171,313382,question_id_not_in_questions_dataset,
v1:8.11.2,1,8.11.2,171,426505,question_id_not_in_questions_dataset,
v1:8.11.3,1,8.11.3,171,40306,question_id_not_in_questions_dataset,
v1:8.11.4,1,8.11.4,171,41495,question_id_not_in_questions_dataset,
v1:8.11.5,1,8.11.5,171,41513,question_id_not_in_questions_dataset,
v1:8.11.6,1,8.11.6,171,110830,question_id_not_in_questions_dataset,
v1:8.12.1,1,8.12.1,171,411712,question_id_not_in_questions_dataset,
v1:8.12.4,1,8.12.4,171,411692,question_id_not_in_questions_dataset,
v1:8.12.5,1,8.12.5,171,359722,question_id_not_in_questions_dataset,
v1:8.12.6,1,8.12.6,171,411671,question_id_not_in_questions_dataset,
v1:8.13.1,1,8.13.1,171,411716,question_id_not_in_questions_dataset,
v1:8.13.3,1,8.13.3,171,359814,question_id_not_in_questions_dataset,
v1:8.13.4,1,8.13.4,171,411913,question_id_not_in_questions_dataset,
v1:8.13.5,1,8.13.5,171,313417,question_id_not_in_questions_dataset,
v1:8.13.6,1,8.13.6,171,313521,question_id_not_in_questions_dataset,
v1:8.14.2,1,8.14.2,171,359854,question_id_not_in_questions_dataset,
v1:8.14.3,1,8.14.3,171,359737,question_id_not_in_questions_dataset,
v1:8.14.4,1,8.14.4,171,313529,question_id_not_in_questions_dataset,
v1:8.15.3,1,8.15.3,171,359861,question_id_not_in_questions_dataset,
v1:8.15.4,1,8.15.4,171,426498,question_id_not_in_questions_dataset,
v1:8.15.5,1,8.15.5,171,359719,question_id_not_in_questions_dataset,
v1:8.15.6,1,8.15.6,171,359715,question_id_not_in_questions_dataset,
v1:8.15.7,1,8.15.7,171,359544,question_id_not_in_questions_dataset,
v1:8.15.8,1,8.15.8,171,411816,question_id_not_in_questions_dataset,
v1:8.15.9,1,8.15.9,171,312016,question_id_not_in_questions_dataset,
v1:8.15.10,1,8.15.10,171,41145,question_id_not_in_questions_dataset,
v1:8.15.11,1,8.15.11,171,39517,question_id_not_in_questions_dataset,
v1:8.15.12,1,8.15.12,171,313639,question_id_not_in_questions_dataset,
v1:8.16.1,1,8.16.1,171,411706,question_id_not_in_questions_dataset,
v1:8.16.2,1,8.16.2,171,411885,question_id_not_in_questions_dataset,
v1:8.16.7,1,8.16.7,171,359895,question_id_not_in_questions_dataset,
v1:8.16.8,1,8.16.8,171,411747,question_id_not_in_questions_dataset,
v1:8.16.9,1,8.16.9,171,411902,question_id_not_in_questions_dataset,
v1:8.16.10,1,8.16.10,171,411899,question_id_not_in_questions_dataset,
v1:8.16.11,1,8.16.11,171,426499,question_id_not_in_questions_dataset,
v1:8.16.12,1,8.16.12,171,422966,question_id_not_in_questions_dataset,
v1:8.16.13,1,8.16.13,171,359795,question_id_not_in_questions_dataset,
v1:8.16.14,1,8.16.14,171,411686,question_id_not_in_questions_dataset,
v1:8.16.15,1,8.16.15,171,411852,question_id_not_in_questions_dataset,
v1:8.16.16,1,8.16.16,171,411676,question_id_not_in_questions_dataset,
v1:8.16.17,1,8.16.17,171,411665,question_id_not_in_questions_dataset,
v1:8.16.18,1,8.16.18,171,359499,question_id_not_in_questions_dataset,
v1:8.16.19,1,8.16.19,171,411767,question_id_not_in_questions_dataset,
v1:8.16.20,1,8.16.20,171,40250,question_id_not_in_questions_dataset,
v1:8.16.21,1,8.16.21,171,41670,question_id_not_in_questions_dataset,
v1:8.16.22,1,8.16.22,171,41491,question_id_not_in_questions_dataset,
v1:8.16.23,1,8.16.23,171,39497,question_id_not_in_questions_dataset,
v1:8.16.24,1,8.16.24,171,39508,question_id_not_in_questions_dataset,
v1:8.16.25,1,8.16.25,171,40169,question_id_not_in_questions_dataset,
v1:8.16.26,1,8.16.26,171,40172,question_id_not_in_questions_dataset,
v1:8.16.27,1,8.16.27,171,110918,question_id_not_in_questions_dataset,
v1:8.16.28,1,8.16.28,171,108275,question_id_not_in_questions_dataset,
v1:8.16.29,1,8.16.29,171,313487,question_id_not_in_questions_dataset,
v1:8.16.30,1,8.16.30,171,313523,question_id_not_in_questions_dataset,
v1:8.16.31,1,8.16.31,171,313681,question_id_not_in_questions_dataset,
v1:8.16.32,1,8.16.32,171,313657,question_id_not_in_questions_dataset,
v1:8.16.33,1,8.16.33,171,313551,question_id_not_in_questions_dataset,
v1:9.1.3,1,9.1.3,279,411866,question_id_not_in_questions_dataset,
v1:9.1.4,1,9.1.4,279,312126,question_id_not_in_questions_dataset,
v1:9.1.5,1,9.1.5,279,40249,question_id_not_in_questions_dataset,
v1:9.1.6,1,9.1.6,279,40275,question_id_not_in_questions_dataset,
v1:9.1.7,1,9.1.7,279,313654,question_id_not_in_questions_dataset,
v1:9.2.1,1,9.2.1,279,313272,question_id_not_in_questions_dataset,
v1:9.3.1,1,9.3.1,279,359883,question_id_not_in_questions_dataset,
v1:9.3.2,1,9.3.2,279,359903,question_id_not_in_questions_dataset,
v1:9.3.3,1,9.3.3,279,359803,question_id_not_in_questions_dataset,
v1:9.3.4,1,9.3.4,279,426533,question_id_not_in_questions_dataset,
v1:9.3.5,1,9.3.5,279,31536,question_id_not_in_questions_dataset,
v1:9.3.6,1,9.3.6,279,313391,question_id_not_in_questions_dataset,
v1:9.4.1,1,9.4.1,279,411884,question_id_not_in_questions_dataset,
v1:9.4.3,1,9.4.3,279,312028,question_id_not_in_questions_dataset,
v1:9.5.2,1,9.5.2,279,411904,question_id_not_in_questions_dataset,
v1:9.6.3,1,9.6.3,279,359818,question_id_not_in_questions_dataset,
v1:9.6.4,1,9.6.4,279,359852,question_id_not_in_questions_dataset,
v1:9.6.5,1,9.6.5,279,426487,question_id_not_in_questions_dataset,
v1:9.6.6,1,9.6.6,279,426491,question_id_not_in_questions_dataset,
v1:9.6.7,1,9.6.7,279,359522,question_id_not_in_questions_dataset,
v1:9.6.8,1,9.6.8,279,312125,question_id_not_in_questions_dataset,
v1:9.6.9,1,9.6.9,279,313562,question_id_not_in_questions_dataset,
v1:9.7.2,1,9.7.2,279,411781,question_id_not_in_questions_dataset,
v1:9.7.3,1,9.7.3,279,411793,question_id_not_in_questions_dataset,
v1:9.8.1,1,9.8.1,279,426516,question_id_not_in_questions_dataset,
v1:9.8.5,1,9.8.5,279,359808,question_id_not_in_questions_dataset,
v1:9.8.6,1,9.8.6,279,411729,question_id_not_in_questions_dataset,
v1:9.8.7,1,9.8.7,279,426483,question_id_not_in_questions_dataset,
v1:9.8.8,1,9.8.8,279,461023,question_id_not_in_questions_dataset,
v1:9.8.9,1,9.8.9,279,359759,question_id_not_in_questions_dataset,
v1:9.8.10,1,9.8.10,279,359789,question_id_not_in_questions_dataset,
v1:9.8.11,1,9.8.11,279,426531,question_id_not_in_questions_dataset,
v1:9.8.12,1,9.8.12,279,359710,question_id_not_in_questions_dataset,
v1:9.8.13,1,9.8.13,279,359739,question_id_not_in_questions_dataset,
v1:9.8.14,1,9.8.14,279,359518,question_id_not_in_questions_dataset,
v1:9.8.15,1,9.8.15,279,426509,question_id_not_in_questions_dataset,
v1:9.8.16,1,9.8.16,279,41498,question_id_not_in_questions_dataset,
v1:9.8.17,1,9.8.17,279,313480,question_id_not_in_questions_dataset,
v1:9.8.18,1,9.8.18,279,313528,question_id_not_in_questions_dataset,
v1:9.9.1,1,9.9.1,279,359834,question_id_not_in_questions_dataset,
v1:9.9.2,1,9.9.2,279,411799,question_id_not_in_questions_dataset,
v1:9.10.3,1,9.10.3,279,411741,question_id_not_in_questions_dataset,
v1:9.10.4,1,9.10.4,279,411688,question_id_not_in_questions_dataset,
v1:9.10.5,1,9.10.5,279,411801,question_id_not_in_questions_dataset,
v1:9.10.6,1,9.10.6,279,40220,question_id_not_in_questions_dataset,
v1:9.10.7,1,9.10.7,279,40303,question_id_not_in_questions_dataset,
v1:9.10.8,1,9.10.8,279,110855,question_id_not_in_questions_dataset,
v1:9.10.9,1,9.10.9,279,110853,question_id_not_in_questions_dataset,
v1:9.10.10,1,9.10.10,279,313661,question_id_not_in_questions_dataset,
v1:9.11.3,1,9.11.3,279,359893,question_id_not_in_questions_dataset,
v1:9.11.4,1,9.11.4,279,411895,question_id_not_in_questions_dataset,
v1:9.11.5,1,9.11.5,279,359764,question_id_not_in_questions_dataset,
v1:9.11.6,1,9.11.6,279,359713,question_id_not_in_questions_dataset,
v1:9.11.7,1,9.11.7,279,411827,question_id_not_in_questions_dataset,
v1:9.12.2,1,9.12.2,279,426485,question_id_not_in_questions_dataset,
v1:9.12.3,1,9.12.3,279,359766,question_id_not_in_questions_dataset,
v1:9.12.4,1,9.12.4,279,359507,question_id_not_in_questions_dataset,
v1:9.12.6,1,9.12.6,279,411819,question_id_not_in_questions_dataset,
v1:9.12.7,1,9.12.7,279,108724,question_id_not_in_questions_dataset,
v1:9.12.8,1,9.12.8,279,313387,question_id_not_in_questions_dataset,
v1:9.12.9,1,9.12.9,279,313527,question_id_not_in_questions_dataset,
v1:9.12.10,1,9.12.10,279,313597,question_id_not_in_questions_dataset,
v1:9.13.4,1,9.13.4,279,31531,question_id_not_in_questions_dataset,
v1:9.13.5,1,9.13.5,279,40226,question_id_not_in_questions_dataset,
v1:9.13.6,1,9.13.6,279,41472,question_id_not_in_questions_dataset,
v1:9.13.7,1,9.13.7,279,40183,question_id_not_in_questions_dataset,
v1:9.13.8,1,9.13.8,279,40170,question_id_not_in_questions_dataset,
v1:9.13.9,1,9.13.9,279,313512,question_id_not_in_questions_dataset,
v1:9.13.10,1,9.13.10,279,313680,question_id_not_in_questions_dataset,
v1:9.13.11,1,9.13.11,280,313393,question_id_not_in_questions_dataset,
v1:9.13.12,1,9.13.12,280,313530,question_id_not_in_questions_dataset,
v1:9.14.1,1,9.14.1,280,422964,question_id_not_in_questions_dataset,
v1:9.14.2,1,9.14.2,280,359806,question_id_not_in_questions_dataset,
v1:9.14.3,1,9.14.3,280,312013,question_id_not_in_questions_dataset,
v1:9.14.4,1,9.14.4,280,41669,question_id_not_in_questions_dataset,
v1:9.15.2,1,9.15.2,280,359497,question_id_not_in_questions_dataset,
v1:9.15.3,1,9.15.3,280,40251,question_id_not_in_questions_dataset,
v1:9.15.5,1,9.15.5,280,41499,question_id_not_in_questions_dataset,
v1:9.15.6,1,9.15.6,280,40174,question_id_not_in_questions_dataset,
v1:9.16.1,1,9.16.1,280,359791,question_id_not_in_questions_dataset,
v1:9.17.3,1,9.17.3,280,313596,question_id_not_in_questions_dataset,
v1:9.17.4,1,9.17.4,280,313513,question_id_not_in_questions_dataset,
v1:9.18.1,1,9.18.1,280,426520,question_id_not_in_questions_dataset,
v1:9.18.5,1,9.18.5,280,411667,question_id_not_in_questions_dataset,
v1:9.18.6,1,9.18.6,280,40304,question_id_not_in_questions_dataset,
v1:9.19.1,1,9.19.1,280,411918,question_id_not_in_questions_dataset,
v1:9.19.2,1,9.19.2,280,359724,question_id_not_in_questions_dataset,
v1:9.19.3,1,9.19.3,280,411809,question_id_not_in_questions_dataset,
v1:9.19.4,1,9.19.4,280,313518,question_id_not_in_questions_dataset,
v1:9.19.5,1,9.19.5,280,205090,question_id_not_in_questions_dataset,
v1:9.19.6,1,9.19.6,280,205186,question_id_not_in_questions_dataset,
v1:9.21.1,1,9.21.1,280,40241,question_id_not_in_questions_dataset,
v1:9.22.1,1,9.22.1,280,411871,question_id_not_in_questions_dataset,
v1:9.22.2,1,9.22.2,280,359520,question_id_not_in_questions_dataset,
v1:9.23.2,1,9.23.2,280,461026,question_id_not_in_questions_dataset,
v1:9.23.3,1,9.23.3,280,313271,question_id_not_in_questions_dataset,
v1:9.23.4,1,9.23.4,280,205213,question_id_not_in_questions_dataset,
v1:9.23.5,1,9.23.5,280,313539,question_id_not_in_questions_dataset,
v1:9.24.1,1,9.24.1,280,461030,question_id_not_in_questions_dataset,
v1:9.25.3,1,9.25.3,280,312017,question_id_not_in_questions_dataset,
v1:9.25.4,1,9.25.4,280,205207,question_id_not_in_questions_dataset,
v1:9.26.2,1,9.26.2,280,411759,question_id_not_in_questions_dataset,
v1:9.26.3,1,9.26.3,280,426486,question_id_not_in_questions_dataset,
v1:9.26.4,1,9.26.4,280,108093,question_id_not_in_questions_dataset,
v1:9.27.6,1,9.27.6,280,359838,question_id_not_in_questions_dataset,
v1:9.27.7,1,9.27.7,280,359873,question_id_not_in_questions_dataset,
v1:9.27.8,1,9.27.8,280,359771,question_id_not_in_questions_dataset,
v1:9.27.9,1,9.27.9,280,411851,question_id_not_in_questions_dataset,
v1:9.27.10,1,9.27.10,280,411832,question_id_not_in_questions_dataset,
v1:9.27.11,1,9.27.11,280,411868,question_id_not_in_questions_dataset,
v1:9.27.12,1,9.27.12,280,359528,question_id_not_in_questions_dataset,
v1:9.27.13,1,9.27.13,280,411789,question_id_not_in_questions_dataset,
v1:9.27.14,1,9.27.14,280,312019,question_id_not_in_questions_dataset,
v1:9.27.15,1,9.27.15,280,40228,question_id_not_in_questions_dataset,
v1:9.27.16,1,9.27.16,280,39518,question_id_not_in_questions_dataset,
v1:9.27.17,1,9.27.17,280,108309,question_id_not_in_questions_dataset,
v1:9.27.18,1,9.27.18,280,205182,question_id_not_in_questions_dataset,
v1:9.28.1,1,9.28.1,280,426514,question_id_not_in_questions_dataset,
v1:9.28.3,1,9.28.3,280,411890,question_id_not_in_questions_dataset,
v1:9.28.4,1,9.28.4,280,778,question_id_not_in_questions_dataset,
v1:9.28.7,1,9.28.7,280,359875,question_id_not_in_questions_dataset,
v1:9.28.8,1,9.28.8,280,426482,question_id_not_in_questions_dataset,
v1:9.28.9,1,9.28.9,280,426489,question_id_not_in_questions_dataset,
v1:9.28.10,1,9.28.10,280,461029,question_id_not_in_questions_dataset,
v1:9.28.11,1,9.28.11,280,461025,question_id_not_in_questions_dataset,
v1:9.28.12,1,9.28.12,280,411698,question_id_not_in_questions_dataset,
v1:9.28.13,1,9.28.13,280,426532,question_id_not_in_questions_dataset,
v1:9.28.14,1,9.28.14,280,411771,question_id_not_in_questions_dataset,
v1:9.28.15,1,9.28.15,280,39521,question_id_not_in_questions_dataset,
v1:9.28.16,1,9.28.16,280,110921,question_id_not_in_questions_dataset,
v1:9.28.17,1,9.28.17,280,108729,question_id_not_in_questions_dataset,
v1:9.28.18,1,9.28.18,280,108289,question_id_not_in_questions_dataset,
v1:9.28.19,1,9.28.19,280,313658,question_id_not_in_questions_dataset,
v1:9.28.21,1,9.28.21,280,205084,question_id_not_in_questions_dataset,
v1:9.28.22,1,9.28.22,280,205092,question_id_not_in_questions_dataset,
v1:9.28.23,1,9.28.23,280,205209,question_id_not_in_questions_dataset,
v1:9.28.24,1,9.28.24,280,313645,question_id_not_in_questions_dataset,
v1:9.28.25,1,9.28.25,280,313636,question_id_not_in_questions_dataset,
v1:9.28.26,1,9.28.26,280,313613,question_id_not_in_questions_dataset,
v1:9.28.27,1,9.28.27,280,313438,question_id_not_in_questions_dataset,
v1:9.28.28,1,9.28.28,280,313370,question_id_not_in_questions_dataset,
v1:9.28.29,1,9.28.29,280,313371,question_id_not_in_questions_dataset,
v1:9.29.1,1,9.29.1,280,422970,question_id_not_in_questions_dataset,
v1:9.30.1,1,9.30.1,280,411708,question_id_not_in_questions_dataset,
v1:9.30.2,1,9.30.2,280,411690,question_id_not_in_questions_dataset,
v1:9.30.3,1,9.30.3,280,411803,question_id_not_in_questions_dataset,
v1:9.30.4,1,9.30.4,280,411813,question_id_not_in_questions_dataset,
v1:9.31.1,1,9.31.1,280,411678,question_id_not_in_questions_dataset,
v1:9.32.4,1,9.32.4,280,426488,question_id_not_in_questions_dataset,
v1:9.32.5,1,9.32.5,280,312131,question_id_not_in_questions_dataset,
v1:9.32.6,1,9.32.6,280,40310,question_id_not_in_questions_dataset,
v1:9.32.7,1,9.32.7,280,110905,question_id_not_in_questions_dataset,
v1:9.32.8,1,9.32.8,280,313662,question_id_not_in_questions_dataset,
v1:9.32.9,1,9.32.9,280,313674,question_id_not_in_questions_dataset,
v1:9.32.10,1,9.32.10,280,313251,question_id_not_in_questions_dataset,
v1:9.32.11,1,9.32.11,280,313386,question_id_not_in_questions_dataset,
v1:9.32.12,1,9.32.12,280,205091,question_id_not_in_questions_dataset,
v1:9.33.1,1,9.33.1,280,411749,question_id_not_in_questions_dataset,
v1:9.34.5,1,9.34.5,280,411896,question_id_not_in_questions_dataset,
v1:9.34.6,1,9.34.6,280,411910,question_id_not_in_questions_dataset,
v1:9.34.7,1,9.34.7,280,426536,question_id_not_in_questions_dataset,
v1:9.34.8,1,9.34.8,280,40227,question_id_not_in_questions_dataset,
v1:9.34.9,1,9.34.9,280,39493,question_id_not_in_questions_dataset,
v1:9.34.10,1,9.34.10,280,39522,question_id_not_in_questions_dataset,
v1:9.34.11,1,9.34.11,280,313388,question_id_not_in_questions_dataset,
v1:9.34.12,1,9.34.12,280,313383,question_id_not_in_questions_dataset,
v1:9.34.13,1,9.34.13,280,313648,question_id_not_in_questions_dataset,
v1:9.34.14,1,9.34.14,280,313607,question_id_not_in_questions_dataset,
v1:9.36.3,1,9.36.3,280,312024,question_id_not_in_questions_dataset,
v1:9.36.4,1,9.36.4,280,40274,question_id_not_in_questions_dataset,
v1:9.37.1,1,9.37.1,280,461028,question_id_not_in_questions_dataset,
v1:9.38.1,1,9.38.1,280,411828,question_id_not_in_questions_dataset,
v1:9.38.2,1,9.38.2,280,40232,question_id_not_in_questions_dataset,
v1:9.39.4,1,9.39.4,280,312026,question_id_not_in_questions_dataset,
v1:9.39.5,1,9.39.5,280,40297,question_id_not_in_questions_dataset,
v1:9.39.6,1,9.39.6,280,41494,question_id_not_in_questions_dataset,
v1:9.39.7,1,9.39.7,280,41512,question_id_not_in_questions_dataset,
v1:9.39.8,1,9.39.8,280,41143,question_id_not_in_questions_dataset,
v1:9.39.9,1,9.39.9,280,313256,question_id_not_in_questions_dataset,
v1:9.39.10,1,9.39.10,280,205208,question_id_not_in_questions_dataset,
v1:9.40.1,1,9.40.1,280,426521,question_id_not_in_questions_dataset,
v1:9.40.4,1,9.40.4,280,359858,question_id_not_in_questions_dataset,
v1:9.40.5,1,9.40.5,280,312018,question_id_not_in_questions_dataset,
v1:9.40.6,1,9.40.6,280,110889,question_id_not_in_questions_dataset,
v1:9.40.7,1,9.40.7,280,313646,question_id_not_in_questions_dataset,
v1:9.41.1,1,9.41.1,280,411859,question_id_not_in_questions_dataset,
v1:9.41.2,1,9.41.2,280,359749,question_id_not_in_questions_dataset,
v1:9.41.3,1,9.41.3,280,411874,question_id_not_in_questions_dataset,
v1:9.41.5,1,9.41.5,280,108304,question_id_not_in_questions_dataset,
v1:9.41.6,1,9.41.6,280,313669,question_id_not_in_questions_dataset,
v1:9.42.1,1,9.42.1,280,773,question_id_not_in_questions_dataset,
v1:9.42.5,1,9.42.5,280,359810,question_id_not_in_questions_dataset,
v1:9.42.6,1,9.42.6,280,312029,question_id_not_in_questions_dataset,
v1:9.42.7,1,9.42.7,280,40268,question_id_not_in_questions_dataset,
v1:9.42.8,1,9.42.8,280,41516,question_id_not_in_questions_dataset,
v1:9.42.9,1,9.42.9,280,41466,question_id_not_in_questions_dataset,
v1:9.42.10,1,9.42.10,280,313660,question_id_not_in_questions_dataset,
v1:9.42.11,1,9.42.11,280,313630,question_id_not_in_questions_dataset,
v1:9.42.12,1,9.42.12,280,313566,question_id_not_in_questions_dataset,
v1:9.42.13,1,9.42.13,280,313598,question_id_not_in_questions_dataset,
v1:9.43.1,1,9.43.1,280,776,question_id_not_in_questions_dataset,
v1:9.43.4,1,9.43.4,280,426492,question_id_not_in_questions_dataset,
v1:9.43.5,1,9.43.5,280,359548,question_id_not_in_questions_dataset,
v1:9.43.6,1,9.43.6,280,312121,question_id_not_in_questions_dataset,
v1:9.43.7,1,9.43.7,280,40218,question_id_not_in_questions_dataset,
v1:9.43.8,1,9.43.8,280,40239,question_id_not_in_questions_dataset,
v1:9.43.9,1,9.43.9,280,40289,question_id_not_in_questions_dataset,
v1:9.43.10,1,9.43.10,280,40309,question_id_not_in_questions_dataset,
v1:9.43.12,1,9.43.12,280,40182,question_id_not_in_questions_dataset,
v1:9.43.13,1,9.43.13,280,110885,question_id_not_in_questions_dataset,
v1:9.43.14,1,9.43.14,280,108074,question_id_not_in_questions_dataset,
v1:9.43.15,1,9.43.15,280,313484,question_id_not_in_questions_dataset,
v1:9.43.16,1,9.43.16,280,313519,question_id_not_in_questions_dataset,
v1:9.43.17,1,9.43.17,280,205189,question_id_not_in_questions_dataset,
v1:9.43.18,1,9.43.18,280,313372,question_id_not_in_questions_dataset,
v1:9.43.19,1,9.43.19,280,313546,question_id_not_in_questions_dataset,
v1:9.43.20,1,9.43.20,280,313548,question_id_not_in_questions_dataset,
v1:9.43.21,1,9.43.21,280,313578,question_id_not_in_questions_dataset,
v1:9.44.3,1,9.44.3,280,426484,question_id_not_in_questions_dataset,
v1:9.44.4,1,9.44.4,280,422969,question_id_not_in_questions_dataset,
v1:9.45.4,1,9.45.4,280,359848,question_id_not_in_questions_dataset,
v1:9.45.7,1,9.45.7,280,359538,question_id_not_in_questions_dataset,
v1:9.45.8,1,9.45.8,280,359469,question_id_not_in_questions_dataset,
v1:9.45.9,1,9.45.9,280,411821,question_id_not_in_questions_dataset,
v1:9.45.10,1,9.45.10,280,41672,question_id_not_in_questions_dataset,
v1:9.45.11,1,9.45.11,280,41517,question_id_not_in_questions_dataset,
v1:9.45.12,1,9.45.12,281,41459,question_id_not_in_questions_dataset,
v1:9.45.13,1,9.45.13,281,41461,question_id_not_in_questions_dataset,
v1:9.45.14,1,9.45.14,281,41471,question_id_not_in_questions_dataset,
v1:9.45.15,1,9.45.15,281,313520,question_id_not_in_questions_dataset,
v1:9.45.16,1,9.45.16,281,313600,question_id_not_in_questions_dataset,
v1:9.46.1,1,9.46.1,281,411881,question_id_not_in_questions_dataset,
v1:9.46.3,1,9.46.3,281,205082,question_id_not_in_questions_dataset,
v1:9.46.4,1,9.46.4,281,205099,question_id_not_in_questions_dataset,
v1:9.47.1,1,9.47.1,281,461024,question_id_not_in_questions_dataset,
v1:9.49.1,1,9.49.1,281,411710,question_id_not_in_questions_dataset,
v1:9.49.10,1,9.49.10,281,359905,question_id_not_in_questions_dataset,
v1:9.49.11,1,9.49.11,281,422965,question_id_not_in_questions_dataset,
v1:9.49.12,1,9.49.12,281,411674,question_id_not_in_questions_dataset,
v1:9.49.13,1,9.49.13,281,411669,question_id_not_in_questions_dataset,
v1:9.49.14,1,9.49.14,281,411839,question_id_not_in_questions_dataset,
v1:9.49.15,1,9.49.15,281,426511,question_id_not_in_questions_dataset,
v1:9.49.16,1,9.49.16,281,40217,question_id_not_in_questions_dataset,
v1:9.49.17,1,9.49.17,281,40230,question_id_not_in_questions_dataset,
v1:9.49.18,1,9.49.18,281,4173,question_id_not_in_questions_dataset,
v1:9.49.19,1,9.49.19,281,40293,question_id_not_in_questions_dataset,
v1:9.49.20,1,9.49.20,281,41668,question_id_not_in_questions_dataset,
v1:9.49.21,1,9.49.21,281,41511,question_id_not_in_questions_dataset,
v1:9.49.22,1,9.49.22,281,41462,question_id_not_in_questions_dataset,
v1:9.49.23,1,9.49.23,281,40180,question_id_not_in_questions_dataset,
v1:9.49.24,1,9.49.24,281,39506,question_id_not_in_questions_dataset,
v1:9.49.25,1,9.49.25,281,108086,question_id_not_in_questions_dataset,
v1:9.49.26,1,9.49.26,281,313416,question_id_not_in_questions_dataset,
v1:9.49.27,1,9.49.27,281,313671,question_id_not_in_questions_dataset,
v1:9.49.29,1,9.49.29,281,313632,question_id_not_in_questions_dataset,
v1:9.50.1,1,9.50.1,281,359741,question_id_not_in_questions_dataset,
v1:9.51.3,1,9.51.3,281,411731,question_id_not_in_questions_dataset,
v1:9.51.4,1,9.51.4,281,40278,question_id_not_in_questions_dataset,
v1:9.51.5,1,9.51.5,281,313249,question_id_not_in_questions_dataset,
v1:9.51.6,1,9.51.6,281,313599,question_id_not_in_questions_dataset,
v1:9.52.1,1,9.52.1,281,770,question_id_not_in_questions_dataset,
v1:9.52.5,1,9.52.5,281,359762,question_id_not_in_questions_dataset,
v1:9.52.6,1,9.52.6,281,31540,question_id_not_in_questions_dataset,
v1:9.52.7,1,9.52.7,281,40295,question_id_not_in_questions_dataset,
v1:9.52.8,1,9.52.8,281,39510,question_id_not_in_questions_dataset,
v1:9.52.9,1,9.52.9,281,108482,question_id_not_in_questions_dataset,
v1:9.52.10,1,9.52.10,281,205181,question_id_not_in_questions_dataset,
v1:9.52.11,1,9.52.11,281,313650,question_id_not_in_questions_dataset,
v1:9.53.1,1,9.53.1,281,40210,question_id_not_in_questions_dataset,
v1:9.54.1,1,9.54.1,281,426518,question_id_not_in_questions_dataset,
v1:9.54.7,1,9.54.7,281,359832,question_id_not_in_questions_dataset,
v1:9.54.8,1,9.54.8,281,411739,question_id_not_in_questions_dataset,
v1:9.54.9,1,9.54.9,281,411761,question_id_not_in_questions_dataset,
v1:9.54.10,1,9.54.10,281,411751,question_id_not_in_questions_dataset,
v1:9.54.11,1,9.54.11,281,426490,question_id_not_in_questions_dataset,
v1:9.54.12,1,9.54.12,281,411700,question_id_not_in_questions_dataset,
v1:9.54.13,1,9.54.13,281,426537,question_id_not_in_questions_dataset,
v1:9.54.14,1,9.54.14,281,359540,question_id_not_in_questions_dataset,
v1:9.54.15,1,9.54.15,281,359474,question_id_not_in_questions_dataset,
v1:9.54.16,1,9.54.16,281,426512,question_id_not_in_questions_dataset,
v1:9.54.17,1,9.54.17,281,312128,question_id_not_in_questions_dataset,
v1:9.54.18,1,9.54.18,281,40205,question_id_not_in_questions_dataset,
v1:9.54.19,1,9.54.19,281,40242,question_id_not_in_questions_dataset,
v1:9.54.20,1,9.54.20,281,40308,question_id_not_in_questions_dataset,
v1:9.54.21,1,9.54.21,281,39496,question_id_not_in_questions_dataset,
v1:9.54.22,1,9.54.22,281,313415,question_id_not_in_questions_dataset,
v1:9.54.23,1,9.54.23,281,313254,question_id_not_in_questions_dataset,
v1:9.54.24,1,9.54.24,281,313385,question_id_not_in_questions_dataset,
v1:9.54.25,1,9.54.25,281,205211,question_id_not_in_questions_dataset,
v1:9.54.26,1,9.54.26,281,313564,question_id_not_in_questions_dataset,
v1:9.55.1,1,9.55.1,281,313419,question_id_not_in_questions_dataset,
v1:9.56.1,1,9.56.1,281,359881,question_id_not_in_questions_dataset,
v1:9.56.2,1,9.56.2,281,359901,question_id_not_in_questions_dataset,
v1:9.56.3,1,9.56.3,281,359471,question_id_not_in_questions_dataset,
v1:9.56.4,1,9.56.4,281,359511,question_id_not_in_questions_dataset,
v1:9.57.4,1,9.57.4,281,422968,question_id_not_in_questions_dataset,
v1:9.57.5,1,9.57.5,281,426513,question_id_not_in_questions_dataset,
v1:9.57.6,1,9.57.6,281,41467,question_id_not_in_questions_dataset,
v1:9.57.7,1,9.57.7,281,41468,question_id_not_in_questions_dataset,
v1:9.57.8,1,9.57.8,281,108300,question_id_not_in_questions_dataset,
v1:9.57.9,1,9.57.9,281,313558,question_id_not_in_questions_dataset,
v1:9.57.10,1,9.57.10,281,313588,question_id_not_in_questions_dataset,
v1:9.59.3,1,9.59.3,281,359812,question_id_not_in_questions_dataset,
v1:9.59.4,1,9.59.4,281,411909,question_id_not_in_questions_dataset,
v1:9.59.5,1,9.59.5,281,411680,question_id_not_in_questions_dataset,
v1:9.59.6,1,9.59.6,281,411779,question_id_not_in_questions_dataset,
v1:9.59.7,1,9.59.7,281,40247,question_id_not_in_questions_dataset,
v1:9.59.8,1,9.59.8,281,40296,question_id_not_in_questions_dataset,
v1:9.59.9,1,9.59.9,281,41497,question_id_not_in_questions_dataset,
v1:9.59.10,1,9.59.10,281,41518,question_id_not_in_questions_dataset,
v1:9.59.11,1,9.59.11,281,41460,question_id_not_in_questions_dataset,
v1:9.59.12,1,9.59.12,281,39509,question_id_not_in_questions_dataset,
v1:9.59.13,1,9.59.13,281,110832,question_id_not_in_questions_dataset,
v1:9.59.14,1,9.59.14,281,110834,question_id_not_in_questions_dataset,
v1:9.59.15,1,9.59.15,281,313418,question_id_not_in_questions_dataset,
v1:9.59.16,1,9.59.16,281,313517,question_id_not_in_questions_dataset,
v1:9.59.17,1,9.59.17,281,205089,question_id_not_in_questions_dataset,
v1:9.59.18,1,9.59.18,281,313652,question_id_not_in_questions_dataset,
v1:9.59.19,1,9.59.19,281,313549,question_id_not_in_questions_dataset,
v1:9.60.1,1,9.60.1,281,411735,question_id_not_in_questions_dataset,
v1:9.60.2,1,9.60.2,281,359743,question_id_not_in_questions_dataset,
v1:9.60.3,1,9.60.3,281,411785,question_id_not_in_questions_dataset,
v1:9.60.4,1,9.60.4,281,313441,question_id_not_in_questions_dataset,
v1:9.61.3,1,9.61.3,281,411898,question_id_not_in_questions_dataset,
v1:9.61.4,1,9.61.4,281,411872,question_id_not_in_questions_dataset,
v1:9.61.5,1,9.61.5,281,40216,question_id_not_in_questions_dataset,
v1:9.61.6,1,9.61.6,281,41493,question_id_not_in_questions_dataset,
v1:9.61.7,1,9.61.7,281,108297,question_id_not_in_questions_dataset,
v1:9.61.8,1,9.61.8,281,313483,question_id_not_in_questions_dataset,
v1:9.61.9,1,9.61.9,281,313659,question_id_not_in_questions_dataset,
v1:9.62.1,1,9.62.1,281,40207,question_id_not_in_questions_dataset,
v1:9.64.1,1,9.64.1,281,777,question_id_not_in_questions_dataset,
v1:9.64.5,1,9.64.5,281,313211,question_id_not_in_questions_dataset,
v1:9.64.6,1,9.64.6,281,40248,question_id_not_in_questions_dataset,
v1:9.64.7,1,9.64.7,281,40276,question_id_not_in_questions_dataset,
v1:9.64.8,1,9.64.8,281,40185,question_id_not_in_questions_dataset,
v1:9.64.9,1,9.64.9,281,39505,question_id_not_in_questions_dataset,
v1:9.64.10,1,9.64.10,281,313581,question_id_not_in_questions_dataset,
v1:9.65.4,1,9.65.4,281,359891,question_id_not_in_questions_dataset,
v1:9.65.5,1,9.65.5,281,359785,question_id_not_in_questions_dataset,
v1:9.65.6,1,9.65.6,281,359484,question_id_not_in_questions_dataset,
v1:9.65.7,1,9.65.7,281,359494,question_id_not_in_questions_dataset,
v1:9.65.8,1,9.65.8,281,411769,question_id_not_in_questions_dataset,
v1:9.65.9,1,9.65.9,281,40175,question_id_not_in_questions_dataset,
v1:9.65.10,1,9.65.10,281,40173,question_id_not_in_questions_dataset,
v1:9.65.11,1,9.65.11,281,205085,question_id_not_in_questions_dataset,
v1:9.66.1,1,9.66.1,281,205083,question_id_not_in_questions_dataset,
v1:9.67.1,1,9.67.1,281,359850,question_id_not_in_questions_dataset,
v1:9.67.2,1,9.67.2,281,313482,question_id_not_in_questions_dataset,
v1:9.68.6,1,9.68.6,281,359830,question_id_not_in_questions_dataset,
v1:9.68.7,1,9.68.7,281,359885,question_id_not_in_questions_dataset,
v1:9.68.8,1,9.68.8,281,411757,question_id_not_in_questions_dataset,
v1:9.68.9,1,9.68.9,281,411857,question_id_not_in_questions_dataset,
v1:9.68.10,1,9.68.10,281,312027,question_id_not_in_questions_dataset,
v1:9.68.11,1,9.68.11,281,40208,question_id_not_in_questions_dataset,
v1:9.68.12,1,9.68.12,281,40184,question_id_not_in_questions_dataset,
v1:9.68.13,1,9.68.13,281,108484,question_id_not_in_questions_dataset,
v1:9.68.14,1,9.68.14,281,313509,question_id_not_in_questions_dataset,
v1:9.68.15,1,9.68.15,281,313609,question_id_not_in_questions_dataset,
v1:9.68.16,1,9.68.16,281,313440,question_id_not_in_questions_dataset,
v1:9.69.1,1,9.69.1,281,411720,question_id_not_in_questions_dataset,
v1:9.70.1,1,9.70.1,281,411718,question_id_not_in_questions_dataset,
v1:9.70.5,1,9.70.5,281,359542,question_id_not_in_questions_dataset,
v1:9.70.6,1,9.70.6,281,110924,question_id_not_in_questions_dataset,
v1:9.70.7,1,9.70.7,281,108094,question_id_not_in_questions_dataset,
v1:9.70.8,1,9.70.8,281,108483,question_id_not_in_questions_dataset,
v1:9.70.9,1,9.70.9,281,313481,question_id_not_in_questions_dataset,
v1:9.70.10,1,9.70.10,281,313511,question_id_not_in_questions_dataset,
v1:9.70.11,1,9.70.11,281,313672,question_id_not_in_questions_dataset,
v1:9.70.12,1,9.70.12,281,313643,question_id_not_in_questions_dataset,
v1:9.70.14,1,9.70.14,281,313374,question_id_not_in_questions_dataset,
v1:9.70.15,1,9.70.15,281,313531,question_id_not_in_questions_dataset,
v1:9.70.17,1,9.70.17,281,313579,question_id_not_in_questions_dataset,
v1:10.1.1,1,10.1.1,300,411704,question_id_not_in_questions_dataset,
v1:10.1.3,1,10.1.3,300,359476,question_id_not_in_questions_dataset,
v1:10.1.4,1,10.1.4,300,411797,question_id_not_in_questions_dataset,
v1:10.2.1,1,10.2.1,300,411696,question_id_not_in_questions_dataset,
v1:10.3.1,1,10.3.1,300,426500,question_id_not_in_questions_dataset,
v1:10.4.1,1,10.4.1,300,426525,question_id_not_in_questions_dataset,
v1:10.4.4,1,10.4.4,300,411917,question_id_not_in_questions_dataset,
v1:10.4.5,1,10.4.5,300,426501,question_id_not_in_questions_dataset,
v1:10.4.6,1,10.4.6,300,422963,question_id_not_in_questions_dataset,
v1:10.4.7,1,10.4.7,300,411684,question_id_not_in_questions_dataset,
v1:10.5.1,1,10.5.1,300,411887,question_id_not_in_questions_dataset,
v1:10.5.3,1,10.5.3,300,359887,question_id_not_in_questions_dataset,
v1:10.5.4,1,10.5.4,300,359907,question_id_not_in_questions_dataset,
v1:10.5.5,1,10.5.5,300,411755,question_id_not_in_questions_dataset,
v1:10.5.6,1,10.5.6,300,411901,question_id_not_in_questions_dataset,
v1:10.5.7,1,10.5.7,300,426527,question_id_not_in_questions_dataset,
v1:10.8.4,1,10.8.4,301,411694,question_id_not_in_questions_dataset,
v1:11.2.3,1,11.2.3,371,359889,question_id_not_in_questions_dataset,
v1:11.2.4,1,11.2.4,371,359534,question_id_not_in_questions_dataset,
v1:11.2.5,1,11.2.5,371,108474,question_id_not_in_questions_dataset,
v1:11.2.6,1,11.2.6,371,110820,question_id_not_in_questions_dataset,
v1:11.2.7,1,11.2.7,371,313515,question_id_not_in_questions_dataset,
v1:11.3.7,1,11.3.7,371,359780,question_id_not_in_questions_dataset,
v1:11.3.8,1,11.3.8,371,39494,question_id_not_in_questions_dataset,
v1:11.3.9,1,11.3.9,371,39519,question_id_not_in_questions_dataset,
v1:11.3.10,1,11.3.10,371,108061,question_id_not_in_questions_dataset,
v1:11.3.11,1,11.3.11,371,313655,question_id_not_in_questions_dataset,
v1:11.3.12,1,11.3.12,371,313442,question_id_not_in_questions_dataset,
v1:11.4.5,1,11.4.5,371,359909,question_id_not_in_questions_dataset,
v1:11.4.6,1,11.4.6,371,359488,question_id_not_in_questions_dataset,
v1:11.4.7,1,11.4.7,371,359509,question_id_not_in_questions_dataset,
v1:11.4.8,1,11.4.8,371,40224,question_id_not_in_questions_dataset,
v1:11.4.9,1,11.4.9,371,40291,question_id_not_in_questions_dataset,
v1:11.5.2,1,11.5.2,371,40225,question_id_not_in_questions_dataset,
v1:11.5.3,1,11.5.3,371,40233,question_id_not_in_questions_dataset,
v1:11.5.4,1,11.5.4,371,40245,question_id_not_in_questions_dataset,
v1:11.5.5,1,11.5.5,371,40269,question_id_not_in_questions_dataset,
v1:11.6.1,1,11.6.1,371,426523,question_id_not_in_questions_dataset,
v1:11.6.2,1,11.6.2,371,426522,question_id_not_in_questions_dataset,
v1:11.6.3,1,11.6.3,371,411722,question_id_not_in_questions_dataset,
v1:11.6.10,1,11.6.10,371,771,question_id_not_in_questions_dataset,
v1:11.6.27,1,11.6.27,371,359826,question_id_not_in_questions_dataset,
v1:11.6.28,1,11.6.28,371,359824,question_id_not_in_questions_dataset,
v1:11.6.29,1,11.6.29,371,359868,question_id_not_in_questions_dataset,
v1:11.6.30,1,11.6.30,371,359866,question_id_not_in_questions_dataset,
v1:11.6.31,1,11.6.31,371,359844,question_id_not_in_questions_dataset,
v1:11.6.32,1,11.6.32,371,411743,question_id_not_in_questions_dataset,
v1:11.6.33,1,11.6.33,371,411763,question_id_not_in_questions_dataset,
v1:11.6.34,1,11.6.34,371,411907,question_id_not_in_questions_dataset,
v1:11.6.35,1,11.6.35,371,426494,question_id_not_in_questions_dataset,
v1:11.6.36,1,11.6.36,371,426493,question_id_not_in_questions_dataset,
v1:11.6.37,1,11.6.37,371,426496,question_id_not_in_questions_dataset,
v1:11.6.38,1,11.6.38,371,426495,question_id_not_in_questions_dataset,
v1:11.6.39,1,11.6.39,371,461032,question_id_not_in_questions_dataset,
v1:11.6.40,1,11.6.40,371,422971,question_id_not_in_questions_dataset,
v1:11.6.41,1,11.6.41,371,359783,question_id_not_in_questions_dataset,
v1:11.6.42,1,11.6.42,371,411702,question_id_not_in_questions_dataset,
v1:11.6.43,1,11.6.43,371,411863,question_id_not_in_questions_dataset,
v1:11.6.44,1,11.6.44,371,426530,question_id_not_in_questions_dataset,
v1:11.6.45,1,11.6.45,371,359730,question_id_not_in_questions_dataset,
v1:11.6.46,1,11.6.46,371,359726,question_id_not_in_questions_dataset,
v1:11.6.47,1,11.6.47,371,411682,question_id_not_in_questions_dataset,
v1:11.6.48,1,11.6.48,371,359536,question_id_not_in_questions_dataset,
v1:11.6.49,1,11.6.49,371,411783,question_id_not_in_questions_dataset,
v1:11.6.50,1,11.6.50,371,411805,question_id_not_in_questions_dataset,
v1:11.6.51,1,11.6.51,371,426508,question_id_not_in_questions_dataset,
v1:11.6.52,1,11.6.52,371,426507,question_id_not_in_questions_dataset,
v1:11.6.53,1,11.6.53,371,312011,question_id_not_in_questions_dataset,
v1:11.6.54,1,11.6.54,371,312012,question_id_not_in_questions_dataset,
v1:11.6.55,1,11.6.55,371,312022,question_id_not_in_questions_dataset,
v1:11.6.56,1,11.6.56,371,312023,question_id_not_in_questions_dataset,
v1:11.6.57,1,11.6.57,371,312112,question_id_not_in_questions_dataset,
v1:11.6.58,1,11.6.58,371,312114,question_id_not_in_questions_dataset,
v1:11.6.59,1,11.6.59,371,40202,question_id_not_in_questions_dataset,
v1:11.6.60,1,11.6.60,371,40204,question_id_not_in_questions_dataset,
v1:11.6.61,1,11.6.61,371,40206,question_id_not_in_questions_dataset,
v1:11.6.62,1,11.6.62,371,31522,question_id_not_in_questions_dataset,
v1:11.6.63,1,11.6.63,371,31529,question_id_not_in_questions_dataset,
v1:11.6.64,1,11.6.64,371,31533,question_id_not_in_questions_dataset,
v1:11.6.65,1,11.6.65,371,40214,question_id_not_in_questions_dataset,
v1:11.6.66,1,11.6.66,371,40215,question_id_not_in_questions_dataset,
v1:11.6.67,1,11.6.67,371,40223,question_id_not_in_questions_dataset,
v1:11.6.68,1,11.6.68,371,40235,question_id_not_in_questions_dataset,
v1:11.6.69,1,11.6.69,371,40271,question_id_not_in_questions_dataset,
v1:11.6.70,1,11.6.70,371,40290,question_id_not_in_questions_dataset,
v1:11.6.71,1,11.6.71,371,40301,question_id_not_in_questions_dataset,
v1:11.6.72,1,11.6.72,371,41660,question_id_not_in_questions_dataset,
v1:11.6.73,1,11.6.73,371,41665,question_id_not_in_questions_dataset,
v1:11.6.74,1,11.6.74,371,41492,question_id_not_in_questions_dataset,
v1:11.6.75,1,11.6.75,371,41507,question_id_not_in_questions_dataset,
v1:11.6.76,1,11.6.76,371,41510,question_id_not_in_questions_dataset,
v1:11.6.77,1,11.6.77,371,41141,question_id_not_in_questions_dataset,
v1:11.6.78,1,11.6.78,371,40176,question_id_not_in_questions_dataset,
v1:11.6.79,1,11.6.79,371,39489,question_id_not_in_questions_dataset,
v1:11.6.80,1,11.6.80,371,39490,question_id_not_in_questions_dataset,
v1:11.6.81,1,11.6.81,371,38935,question_id_not_in_questions_dataset,
v1:11.6.82,1,11.6.82,371,39516,question_id_not_in_questions_dataset,
v1:11.6.83,1,11.6.83,371,40166,question_id_not_in_questions_dataset,
v1:11.6.84,1,11.6.84,371,40167,question_id_not_in_questions_dataset,
v1:11.6.85,1,11.6.85,371,110868,question_id_not_in_questions_dataset,
v1:11.6.86,1,11.6.86,371,110881,question_id_not_in_questions_dataset,
v1:11.6.87,1,11.6.87,371,108069,question_id_not_in_questions_dataset,
v1:11.6.88,1,11.6.88,371,108478,question_id_not_in_questions_dataset,
v1:11.6.89,1,11.6.89,371,108240,question_id_not_in_questions_dataset,
v1:11.6.90,1,11.6.90,371,108249,question_id_not_in_questions_dataset,
v1:11.6.91,1,11.6.91,371,313488,question_id_not_in_questions_dataset,
v1:11.6.92,1,11.6.92,371,313276,question_id_not_in_questions_dataset,
v1:11.6.93,1,11.6.93,371,313278,question_id_not_in_questions_dataset,
v1:11.6.94,1,11.6.94,371,313395,question_id_not_in_questions_dataset,
v1:11.6.95,1,11.6.95,371,313396,question_id_not_in_questions_dataset,
v1:11.6.96,1,11.6.96,372,205087,question_id_not_in_questions_dataset,
v1:11.6.97,1,11.6.97,372,205088,question_id_not_in_questions_dataset,
v1:11.6.98,1,11.6.98,372,205205,question_id_not_in_questions_dataset,
v1:11.6.99,1,11.6.99,372,205206,question_id_not_in_questions_dataset,
v1:11.6.100,1,11.6.100,372,205097,question_id_not_in_questions_dataset,
v1:11.6.101,1,11.6.101,372,205098,question_id_not_in_questions_dataset,
v1:11.6.102,1,11.6.102,372,313656,question_id_not_in_questions_dataset,
v1:11.6.103,1,11.6.103,372,313634,question_id_not_in_questions_dataset,
v1:11.6.104,1,11.6.104,372,313641,question_id_not_in_questions_dataset,
v1:11.6.105,1,11.6.105,372,313443,question_id_not_in_questions_dataset,
v1:11.6.106,1,11.6.106,372,313377,question_id_not_in_questions_dataset,
v1:11.6.107,1,11.6.107,372,313541,question_id_not_in_questions_dataset,
v1:11.6.108,1,11.6.108,372,313568,question_id_not_in_questions_dataset,
v1:11.6.109,1,11.6.109,372,313744,question_id_not_in_questions_dataset,
v1:11.6.110,1,11.6.110,372,313602,question_id_not_in_questions_dataset,
v1:11.6.111,1,11.6.111,372,313604,question_id_not_in_questions_dataset,
v1:11.6.112,1,11.6.112,372,313586,question_id_not_in_questions_dataset,
v1:11.6.113,1,11.6.113,372,313590,question_id_not_in_questions_dataset,
v1:11.7.1,1,11.7.1,372,461027,question_id_not_in_questions_dataset,
v1:11.8.1,1,11.8.1,372,41142,question_id_not_in_questions_dataset,
v1:11.8.2,1,11.8.2,372,39504,question_id_not_in_questions_dataset,
v1:11.8.3,1,11.8.3,372,313663,question_id_not_in_questions_dataset,
v1:11.9.3,1,11.9.3,372,312113,question_id_not_in_questions_dataset,
v1:11.9.4,1,11.9.4,372,40203,question_id_not_in_questions_dataset,
v1:11.9.5,1,11.9.5,372,31519,question_id_not_in_questions_dataset,
v1:11.10.1,1,11.10.1,372,411888,question_id_not_in_questions_dataset,
v1:11.10.2,1,11.10.2,372,411883,question_id_not_in_questions_dataset,
v1:11.10.6,1,11.10.6,372,774,question_id_not_in_questions_dataset,
v1:11.10.16,1,11.10.16,372,411733,question_id_not_in_questions_dataset,
v1:11.10.17,1,11.10.17,372,411753,question_id_not_in_questions_dataset,
v1:11.10.18,1,11.10.18,372,411897,question_id_not_in_questions_dataset,
v1:11.10.19,1,11.10.19,372,411912,question_id_not_in_questions_dataset,
v1:11.10.20,1,11.10.20,372,411849,question_id_not_in_questions_dataset,
v1:11.10.21,1,11.10.21,372,411830,question_id_not_in_questions_dataset,
v1:11.10.22,1,11.10.22,372,411773,question_id_not_in_questions_dataset,
v1:11.10.23,1,11.10.23,372,411795,question_id_not_in_questions_dataset,
v1:11.10.24,1,11.10.24,372,312015,question_id_not_in_questions_dataset,
v1:11.10.25,1,11.10.25,372,312025,question_id_not_in_questions_dataset,
v1:11.10.26,1,11.10.26,372,312132,question_id_not_in_questions_dataset,
v1:11.10.27,1,11.10.27,372,40211,question_id_not_in_questions_dataset,
v1:11.10.28,1,11.10.28,372,31545,question_id_not_in_questions_dataset,
v1:11.10.29,1,11.10.29,372,40221,question_id_not_in_questions_dataset,
v1:11.10.30,1,11.10.30,372,40231,question_id_not_in_questions_dataset,
v1:11.10.31,1,11.10.31,372,40237,question_id_not_in_questions_dataset,
v1:11.10.32,1,11.10.32,372,40302,question_id_not_in_questions_dataset,
v1:11.10.33,1,11.10.33,372,41671,question_id_not_in_questions_dataset,
v1:11.10.34,1,11.10.34,372,41496,question_id_not_in_questions_dataset,
v1:11.10.35,1,11.10.35,372,39495,question_id_not_in_questions_dataset,
v1:11.10.36,1,11.10.36,372,39523,question_id_not_in_questions_dataset,
v1:11.10.37,1,11.10.37,372,110913,question_id_not_in_questions_dataset,
v1:11.10.38,1,11.10.38,372,108717,question_id_not_in_questions_dataset,
v1:11.10.39,1,11.10.39,372,110844,question_id_not_in_questions_dataset,
v1:11.10.40,1,11.10.40,372,313486,question_id_not_in_questions_dataset,
v1:11.10.41,1,11.10.41,372,313422,question_id_not_in_questions_dataset,
v1:11.10.42,1,11.10.42,372,313423,question_id_not_in_questions_dataset,
v1:11.10.43,1,11.10.43,372,313516,question_id_not_in_questions_dataset,
v1:11.10.44,1,11.10.44,372,313667,question_id_not_in_questions_dataset,
v1:11.10.45,1,11.10.45,372,313678,question_id_not_in_questions_dataset,
v1:11.10.46,1,11.10.46,372,205214,question_id_not_in_questions_dataset,
v1:11.10.47,1,11.10.47,372,205212,question_id_not_in_questions_dataset,
v1:11.10.48,1,11.10.48,372,313445,question_id_not_in_questions_dataset,
v1:11.10.49,1,11.10.49,372,313375,question_id_not_in_questions_dataset,
v1:11.10.50,1,11.10.50,372,313381,question_id_not_in_questions_dataset,
v1:11.10.51,1,11.10.51,372,313540,question_id_not_in_questions_dataset,
v1:11.10.52,1,11.10.52,372,313747,question_id_not_in_questions_dataset,
v1:11.10.53,1,11.10.53,372,313555,question_id_not_in_questions_dataset,
v1:11.10.54,1,11.10.54,372,313554,question_id_not_in_questions_dataset,
v1:11.10.55,1,11.10.55,372,313606,question_id_not_in_questions_dataset,
v1:11.10.56,1,11.10.56,372,313594,question_id_not_in_questions_dataset,
v1:11.10.57,1,11.10.57,372,313592,question_id_not_in_questions_dataset,
v1:17.11.1,1,17.11.1,372,,question_id_missing_hint,
v1:11.11.2,1,11.11.2,372,108481,question_id_not_in_questions_dataset,
v1:11.12.1,1,11.12.1,372,56,question_id_not_in_questions_dataset,
v1:11.12.2,1,11.12.2,372,772,question_id_not_in_questions_dataset,
v1:11.12.6,1,11.12.6,372,359530,question_id_not_in_questions_dataset,
v1:11.12.7,1,11.12.7,372,39515,question_id_not_in_questions_dataset,
v1:11.12.8,1,11.12.8,372,40171,question_id_not_in_questions_dataset,
v1:11.13.1,1,11.13.1,372,359846,question_id_not_in_questions_dataset,
v1:11.13.2,1,11.13.2,372,411924,question_id_not_in_questions_dataset,
v1:11.13.3,1,11.13.3,372,411878,question_id_not_in_questions_dataset,
v1:11.13.4,1,11.13.4,372,359557,question_id_not_in_questions_dataset,
v1:11.13.5,1,11.13.5,372,313378,question_id_not_in_questions_dataset,
v1:11.13.6,1,11.13.6,372,313379,question_id_not_in_questions_dataset,
v1:11.13.7,1,11.13.7,372,313542,question_id_not_in_questions_dataset,
v1:11.13.8,1,11.13.8,372,313571,question_id_not_in_questions_dataset,
v1:11.14.1,1,11.14.1,372,411893,question_id_not_in_questions_dataset,
v1:11.14.2,1,11.14.2,372,359757,question_id_not_in_questions_dataset,
v1:11.14.38,1,11.14.38,372,,question_id_missing_hint,
v1:11.14.4,1,11.14.4,372,313550,question_id_not_in_questions_dataset,
v1:11.15.3,1,11.15.3,372,426529,question_id_not_in_questions_dataset,
v1:11.15.4,1,11.15.4,372,411812,question_id_not_in_questions_dataset,
v1:11.15.5,1,11.15.5,372,39520,question_id_not_in_questions_dataset,
v1:11.17.2,1,11.17.2,372,359480,question_id_not_in_questions_dataset,
v1:11.18.6,1,11.18.6,372,312009,question_id_not_in_questions_dataset,
v1:11.18.7,1,11.18.7,372,312020,question_id_not_in_questions_dataset,
v1:11.18.8,1,11.18.8,372,40222,question_id_not_in_questions_dataset,
v1:11.18.9,1,11.18.9,372,40234,question_id_not_in_questions_dataset,
v1:11.18.10,1,11.18.10,372,40270,question_id_not_in_questions_dataset,
v1:11.18.11,1,11.18.11,372,40288,question_id_not_in_questions_dataset,
v1:11.18.12,1,11.18.12,372,40300,question_id_not_in_questions_dataset,
v1:11.18.13,1,11.18.13,372,41463,question_id_not_in_questions_dataset,
v1:11.18.14,1,11.18.14,372,41465,question_id_not_in_questions_dataset,
v1:11.18.15,1,11.18.15,372,40178,question_id_not_in_questions_dataset,
v1:11.18.16,1,11.18.16,372,40181,question_id_not_in_questions_dataset,
v1:11.18.17,1,11.18.17,372,39491,question_id_not_in_questions_dataset,
v1:11.18.18,1,11.18.18,372,39503,question_id_not_in_questions_dataset,
v1:11.18.19,1,11.18.19,372,313421,question_id_not_in_questions_dataset,
v1:11.19.5,1,11.19.5,372,461031,question_id_not_in_questions_dataset,
v1:11.19.7,1,11.19.7,372,359733,question_id_not_in_questions_dataset,
v1:11.19.8,1,11.19.8,372,411843,question_id_not_in_questions_dataset,
v1:11.19.9,1,11.19.9,372,411825,question_id_not_in_questions_dataset,
v1:11.19.10,1,11.19.10,372,40212,question_id_not_in_questions_dataset,
v1:11.19.11,1,11.19.11,372,40213,question_id_not_in_questions_dataset,
v1:11.19.12,1,11.19.12,372,40236,question_id_not_in_questions_dataset,
v1:11.19.13,1,11.19.13,372,40243,question_id_not_in_questions_dataset,
v1:11.19.14,1,11.19.14,372,41490,question_id_not_in_questions_dataset,
v1:11.19.15,1,11.19.15,372,41509,question_id_not_in_questions_dataset,
v1:11.19.16,1,11.19.16,372,39507,question_id_not_in_questions_dataset,
v1:11.19.17,1,11.19.17,372,39514,question_id_not_in_questions_dataset,
v1:11.19.18,1,11.19.18,372,313489,question_id_not_in_questions_dataset,
v1:11.19.19,1,11.19.19,372,313420,question_id_not_in_questions_dataset,
v1:11.19.20,1,11.19.20,372,313525,question_id_not_in_questions_dataset,
v1:11.19.21,1,11.19.21,372,313675,question_id_not_in_questions_dataset,
v1:11.19.22,1,11.19.22,372,313543,question_id_not_in_questions_dataset,
v1:11.19.23,1,11.19.23,372,313552,question_id_not_in_questions_dataset,
v1:11.19.24,1,11.19.24,372,313603,question_id_not_in_questions_dataset,
v1:11.19.25,1,11.19.25,372,313583,question_id_not_in_questions_dataset,
v1:11.20.2,1,11.20.2,372,775,question_id_not_in_questions_dataset,
v1:11.20.12,1,11.20.12,372,359820,question_id_not_in_questions_dataset,
v1:11.20.13,1,11.20.13,372,359816,question_id_not_in_questions_dataset,
v1:11.20.14,1,11.20.14,372,359856,question_id_not_in_questions_dataset,
v1:11.20.15,1,11.20.15,372,359836,question_id_not_in_questions_dataset,
v1:11.20.16,1,11.20.16,372,359871,question_id_not_in_questions_dataset,
v1:11.20.17,1,11.20.17,372,359897,question_id_not_in_questions_dataset,
v1:11.20.18,1,11.20.18,372,359775,question_id_not_in_questions_dataset,
v1:11.20.19,1,11.20.19,372,359768,question_id_not_in_questions_dataset,
v1:11.20.20,1,11.20.20,372,359793,question_id_not_in_questions_dataset,
v1:11.20.21,1,11.20.21,372,359745,question_id_not_in_questions_dataset,
v1:11.20.22,1,11.20.22,372,359526,question_id_not_in_questions_dataset,
v1:11.20.23,1,11.20.23,372,359555,question_id_not_in_questions_dataset,
v1:11.20.24,1,11.20.24,372,359550,question_id_not_in_questions_dataset,
v1:11.20.25,1,11.20.25,372,359546,question_id_not_in_questions_dataset,
v1:11.20.26,1,11.20.26,372,359478,question_id_not_in_questions_dataset,
v1:11.20.27,1,11.20.27,372,359490,question_id_not_in_questions_dataset,
v1:11.20.28,1,11.20.28,372,411814,question_id_not_in_questions_dataset,
v1:11.20.29,1,11.20.29,372,40244,question_id_not_in_questions_dataset,
v1:11.20.30,1,11.20.30,372,40292,question_id_not_in_questions_dataset,
v1:11.20.31,1,11.20.31,372,40294,question_id_not_in_questions_dataset,
v1:11.20.32,1,11.20.32,372,41667,question_id_not_in_questions_dataset,
v1:11.20.33,1,11.20.33,372,41140,question_id_not_in_questions_dataset,
v1:11.20.34,1,11.20.34,372,39511,question_id_not_in_questions_dataset,
v1:11.20.35,1,11.20.35,372,108087,question_id_not_in_questions_dataset,
v1:11.20.36,1,11.20.36,372,108089,question_id_not_in_questions_dataset,
v1:11.20.37,1,11.20.37,372,108299,question_id_not_in_questions_dataset,
v1:11.20.39,1,11.20.39,372,313553,question_id_not_in_questions_dataset,
v1:11.20.40,1,11.20.40,372,313605,question_id_not_in_questions_dataset,
v1:11.21.6,1,11.21.6,372,41464,question_id_not_in_questions_dataset,
v1:11.21.7,1,11.21.7,372,40177,question_id_not_in_questions_dataset,
v1:11.21.8,1,11.21.8,372,40168,question_id_not_in_questions_dataset,
v1:11.21.9,1,11.21.9,372,108064,question_id_not_in_questions_dataset,
v1:11.21.10,1,11.21.10,372,110821,question_id_not_in_questions_dataset,
v1:11.21.11,1,11.21.11,372,108259,question_id_not_in_questions_dataset,
v2:1.1.5,2,1.1.5,90,1915,question_id_not_in_questions_dataset,
v2:1.6.2,2,1.6.2,90,461005,question_id_not_in_questions_dataset,
v2:1.6.3,2,1.6.3,90,422932,question_id_not_in_questions_dataset,
v2:1.8.1,2,1.8.1,90,422928,question_id_not_in_questions_dataset,
v2:1.10.1,2,1.10.1,90,460967,question_id_not_in_questions_dataset,
v2:1.14.8,2,1.14.8,90,1771,question_id_not_in_questions_dataset,
v2:1.14.18,2,1.14.18,90,422958,question_id_not_in_questions_dataset,
v2:1.18.24,2,1.18.24,91,1919,question_id_not_in_questions_dataset,
v2:1.18.33,2,1.18.33,91,,question_id_missing_hint,
v2:1.20.1,2,1.20.1,91,461003,question_id_not_in_questions_dataset,
v2:1.21.1,2,1.21.1,91,461014,question_id_not_in_questions_dataset,
v2:1.26.10,2,1.26.10,91,1780,question_id_not_in_questions_dataset,
v2:2.32.2,2,2.32.2,91,,question_id_missing_hint,
v2:1.30.9,2,1.30.9,91,460974,question_id_not_in_questions_dataset,
v2:1.31.20,2,1.31.20,91,1917,question_id_not_in_questions_dataset,
v2:1.31.27,2,1.31.27,91,422927,question_id_not_in_questions_dataset,
v2:11.83.11,2,11.83.11,153,,question_id_missing_hint,
v2:3.13.5,2,3.13.5,154,,question_id_missing_hint,
v2:13.3.13,2,13.3.13,154,,question_id_missing_hint,
v2:2.41.7,2,2.41.7,154,,question_id_missing_hint,
v2:2.15.2,2,2.15.2,154,1817,question_id_not_in_questions_dataset,
v2:2.17.19,2,2.17.19,154,1921,question_id_not_in_questions_dataset,
v2:3.4.4,2,3.4.4,218,1784,question_id_not_in_questions_dataset,
v2:3.10.9,2,3.10.9,219,1807,question_id_not_in_questions_dataset,
v2:7.7.7,2,7.7.7,271,,question_id_missing_hint,
v2:4.24.2,2,4.24.2,272,1790,question_id_not_in_questions_dataset,
v2:4.26.8,2,4.26.8,272,1795,question_id_not_in_questions_dataset,
v2:5.3.1,2,5.3.1,358,1796,question_id_not_in_questions_dataset,
v2:5.5.31,2,5.5.31,358,1788,question_id_not_in_questions_dataset,
v2:5.5.32,2,5.5.32,358,1797,question_id_not_in_questions_dataset,
v2:5.5.48,2,5.5.48,358,422926,question_id_not_in_questions_dataset,
v2:5.6.1,2,5.6.1,358,461016,question_id_not_in_questions_dataset,
v2:5.8.2,2,5.8.2,358,460975,question_id_not_in_questions_dataset,
v2:9.15.7,2,9.15.7,359,,question_id_missing_hint,
v2:9.15.10,2,9.15.10,359,,question_id_missing_hint,
v2:9.15.11,2,9.15.11,359,,question_id_missing_hint,
v2:9.15.12,2,9.15.12,359,,question_id_missing_hint,
v2:9.15.15,2,9.15.15,359,,question_id_missing_hint,
v2:9.15.16,2,9.15.16,359,,question_id_missing_hint,
v2:9.15.17,2,9.15.17,359,,question_id_missing_hint,
v2:9.15.19,2,9.15.19,359,,question_id_missing_hint,
v2:9.15.20,2,9.15.20,359,,question_id_missing_hint,
v2:9.15.21,2,9.15.21,359,,question_id_missing_hint,
v2:9.15.22,2,9.15.22,359,,question_id_missing_hint,
v2:9.15.23,2,9.15.23,359,,question_id_missing_hint,
v2:9.15.26,2,9.15.26,359,,question_id_missing_hint,
v2:9.15.27,2,9.15.27,359,,question_id_missing_hint,
v2:5.15.28,2,5.15.28,359,460970,question_id_not_in_questions_dataset,
v2:5.15.29,2,5.15.29,359,461015,question_id_not_in_questions_dataset,
v2:5.15.30,2,5.15.30,359,422946,question_id_not_in_questions_dataset,
v2:9.15.31,2,9.15.31,359,,question_id_missing_hint,
v2:9.16.5,2,9.16.5,359,,question_id_missing_hint,
v2:9.16.10,2,9.16.10,359,,question_id_missing_hint,
v2:9.16.11,2,9.16.11,359,,question_id_missing_hint,
v2:9.17.1,2,9.17.1,359,,question_id_missing_hint,
v2:5.17.2,2,5.17.2,359,460976,question_id_not_in_questions_dataset,
v2:9.18.11,2,9.18.11,359,,question_id_missing_hint,
v2:9.18.19,2,9.18.19,359,,question_id_missing_hint,
v2:9.18.21,2,9.18.21,359,,question_id_missing_hint,
v2:9.18.22,2,9.18.22,359,,question_id_missing_hint,
v2:9.18.23,2,9.18.23,359,,question_id_missing_hint,
v2:9.18.28,2,9.18.28,359,,question_id_missing_hint,
v2:9.18.29,2,9.18.29,359,,question_id_missing_hint,
v2:5.18.31,2,5.18.31,359,1789,question_id_not_in_questions_dataset,
v2:9.18.32,2,9.18.32,359,,question_id_missing_hint,
v2:9.18.34,2,9.18.34,359,,question_id_missing_hint,
v2:9.18.38,2,9.18.38,359,,question_id_missing_hint,
v2:9.18.49,2,9.18.49,359,,question_id_missing_hint,
v2:5.18.50,2,5.18.50,359,422941,question_id_not_in_questions_dataset,
v2:5.18.51,2,5.18.51,359,422917,question_id_not_in_questions_dataset,
v2:9.18.52,2,9.18.52,359,,question_id_missing_hint,
v2:9.18.58,2,9.18.58,359,,question_id_missing_hint,
v2:9.19.1,2,9.19.1,359,,question_id_missing_hint,
v2:9.19.10,2,9.19.10,359,,question_id_missing_hint,
v2:9.19.11,2,9.19.11,359,,question_id_missing_hint,
v2:9.19.20,2,9.19.20,359,,question_id_missing_hint,
v2:9.19.30,2,9.19.30,359,,question_id_missing_hint,
v2:9.20.1,2,9.20.1,359,,question_id_missing_hint,
v2:6.19.2,2,6.19.2,432,1299,question_id_not_in_questions_dataset,
v2:6.19.4,2,6.19.4,432,1555,question_id_not_in_questions_dataset,
v2:6.22.8,2,6.22.8,432,1923,question_id_not_in_questions_dataset,
v2:6.22.9,2,6.22.9,432,1764,question_id_not_in_questions_dataset,
v2:6.24.35,2,6.24.35,432,1766,question_id_not_in_questions_dataset,
v2:7.4.8,2,7.4.8,521,1786,question_id_not_in_questions_dataset,
v2:7.16.19,2,7.16.19,522,1805,question_id_not_in_questions_dataset,
v2:7.19.24,2,7.19.24,522,1803,question_id_not_in_questions_dataset,
v2:5.25.5,2,5.25.5,522,,question_id_missing_hint,
v2:7.21.19,2,7.21.19,522,1800,question_id_not_in_questions_dataset,
v2:8.5.34,2,8.5.34,580,1776,question_id_not_in_questions_dataset,
v2:8.5.44,2,8.5.44,580,422944,question_id_not_in_questions_dataset,
v2:8.5.45,2,8.5.45,580,422920,question_id_not_in_questions_dataset,
v2:8.6.3,2,8.6.3,580,1754,question_id_not_in_questions_dataset,
v2:8.6.5,2,8.6.5,580,422956,question_id_not_in_questions_dataset,
v2:8.7.9,2,8.7.9,580,1918,question_id_not_in_questions_dataset,
v2:8.7.13,2,8.7.13,580,422951,question_id_not_in_questions_dataset,
v2:8.12.13,2,8.12.13,580,422940,question_id_not_in_questions_dataset,
v2:8.13.15,2,8.13.15,580,460968,question_id_not_in_questions_dataset,
v2:9.9.7,2,9.9.7,624,1770,question_id_not_in_questions_dataset,
v2:1.72.1,2,1.72.1,624,,question_id_missing_hint,
v2:10.7.22,2,10.7.22,695,1782,question_id_not_in_questions_dataset,
v2:10.15.10,2,10.15.10,695,1810,question_id_not_in_questions_dataset,
