question_uid,link,title,current_status,resolution_type,value,notes
go:399306,https://gateoverflow.in/399306/gate-cse-2023-question-6,GATE CSE 2023 | Question: 6,MISSING,,,
go:357439,https://gateoverflow.in/357439/gate-cse-2021-set-1-question-13,GATE CSE 2021 Set 1 | Question: 13,MISSING,,,
go:214569,https://gateoverflow.in/214569/m-tech-admission,M.tech admission,MISSING,,,
go:211439,https://gateoverflow.in/211439/previous-gate-year-score-degrades,Previous Gate year score degrades?,MISSING,,,
go:208574,https://gateoverflow.in/208574/gate2018-admissions,Gate2018 Admissions,MISSING,,,
go:204115,https://gateoverflow.in/204115/gate-cse-2018-question-41,GATE CSE 2018 | Question: 41,MISSING,,,
go:118329,https://gateoverflow.in/118329/gate-cse-2017-set-1-question-46,GATE CSE 2017 Set 1 | Question: 46,MISSING,,,
go:388951,https://gateoverflow.in/388951/gate-cse-2017-set-2-question-33-msq-version,GATE CSE 2017 Set 2 | Question: 33 (MSQ Version),MISSING,,,
go:8246,https://gateoverflow.in/8246/gate-cse-2015-set-2-question-46,GATE CSE 2015 Set 2 | Question: 46,MISSING,,,
go:395812,https://gateoverflow.in/395812/gate-cse-2014-set-2-question-10-modified,GATE CSE 2014 Set 2 | Question: 10 | Modified,MISSING,,,
go:2089,https://gateoverflow.in/2089/gate-cse-2014-set-3-question-54,GATE CSE 2014 Set 3 | Question: 54,MISSING,,,
go:2064,https://gateoverflow.in/2064/gate-cse-2014-set-3-question-30,GATE CSE 2014 Set 3 | Question: 30,MISSING,,,
go:1546,https://gateoverflow.in/1546/gate-cse-2013-question-35,GATE CSE 2013 | Question: 35,MISSING,,,
go:2148,https://gateoverflow.in/2148/gate-cse-2011-question-46,GATE CSE 2011 | Question: 46,MISSING,,,
go:165929,https://gateoverflow.in/165929/doubt-in-pipelining-questions,Doubt in pipelining questions.,MISSING,,,
go:1331,https://gateoverflow.in/1331/gate-cse-2009-question-45,GATE CSE 2009 | Question: 45,MISSING,,,
go:387302,https://gateoverflow.in/387302/gate-2008-question-21,GATE 2008 | Question 21,MISSING,,,
go:491,https://gateoverflow.in/491/gate-cse-2008-question-68,GATE CSE 2008 | Question: 68,MISSING,,,
go:3388,https://gateoverflow.in/3388/gate-it-2008-question-74,GATE IT 2008 | Question: 74,MISSING,,,
go:3374,https://gateoverflow.in/3374/gate-it-2008-question-63,GATE IT 2008 | Question: 63,MISSING,,,
go:2428,https://gateoverflow.in/2428/gate-cse-2007-question-59,GATE CSE 2007 | Question: 59,MISSING,,,
go:1259,https://gateoverflow.in/1259/gate-cse-2007-question-61,GATE CSE 2007 | Question: 61,MISSING,,,
go:394296,https://gateoverflow.in/394296/lock-compatibility-in-gate-it-2007-question-66,Lock Compatibility in GATE IT 2007 | Question: 66,MISSING,,,
go:1847,https://gateoverflow.in/1847/gate-cse-2006-question-69,GATE CSE 2006 | Question: 69,MISSING,,,
go:1846,https://gateoverflow.in/1846/gate-cse-2006-question-68,GATE CSE 2006 | Question: 68,MISSING,,,
go:402659,https://gateoverflow.in/402659/why-option-b-is-not-correct,Why option (b) is not correct,MISSING,,,
go:132099,https://gateoverflow.in/132099/gate-2005,Gate 2005,MISSING,,,
go:1400,https://gateoverflow.in/1400/gate-cse-2005-question-77-isro2016-55,"GATE CSE 2005 | Question: 77, ISRO2016-55",MISSING,,,
go:1392,https://gateoverflow.in/1392/gate-cse-2005-question-69,GATE CSE 2005 | Question: 69,MISSING,,,
go:3831,https://gateoverflow.in/3831/gate-it-2005-question-68,GATE IT 2005 | Question: 68,MISSING,,,
go:3718,https://gateoverflow.in/3718/gate-it-2004-question-74,GATE IT 2004 | Question: 74,MISSING,,,
go:165580,https://gateoverflow.in/165580/modified-gate-2003-question,Modified GATE 2003 question,MISSING,,,
go:43575,https://gateoverflow.in/43575/gate-cse-2003-question-74,GATE CSE 2003 | Question: 74,MISSING,,,
go:205818,https://gateoverflow.in/205818/gate-cse-2002-question-18-b,GATE CSE 2002 | Question: 18-b,MISSING,,,
go:3915,https://gateoverflow.in/3915/gate-cse-2002-question-5b,GATE CSE 2002 | Question: 5b,MISSING,,,
go:875,https://gateoverflow.in/875/gate-cse-2002-question-22,GATE CSE 2002 | Question: 22,MISSING,,,
go:874,https://gateoverflow.in/874/gate-cse-2002-question-21,GATE CSE 2002 | Question: 21,MISSING,,,
go:873,https://gateoverflow.in/873/gate-cse-2002-question-20,GATE CSE 2002 | Question: 20,MISSING,,,
go:872,https://gateoverflow.in/872/gate-cse-2002-question-19,GATE CSE 2002 | Question: 19,MISSING,,,
go:871,https://gateoverflow.in/871/gate-cse-2002-question-18-a,GATE CSE 2002 | Question: 18-a,MISSING,,,
go:870,https://gateoverflow.in/870/gate-cse-2002-question-17,GATE CSE 2002 | Question: 17,MISSING,,,
go:869,https://gateoverflow.in/869/gate-cse-2002-question-16,GATE CSE 2002 | Question: 16,MISSING,,,
go:868,https://gateoverflow.in/868/gate-cse-2002-question-15,GATE CSE 2002 | Question: 15,MISSING,,,
go:867,https://gateoverflow.in/867/gate-cse-2002-question-14,GATE CSE 2002 | Question: 14,MISSING,,,
go:866,https://gateoverflow.in/866/gate-cse-2002-question-13,GATE CSE 2002 | Question: 13,MISSING,,,
go:864,https://gateoverflow.in/864/gate-cse-2002-question-11,GATE CSE 2002 | Question: 11,MISSING,,,
go:863,https://gateoverflow.in/863/gate-cse-2002-question-10,GATE CSE 2002 | Question: 10,MISSING,,,
go:862,https://gateoverflow.in/862/gate-cse-2002-question-9,GATE CSE 2002 | Question: 9,MISSING,,,
go:861,https://gateoverflow.in/861/gate-cse-2002-question-8,GATE CSE 2002 | Question: 8,MISSING,,,
go:860,https://gateoverflow.in/860/gate-cse-2002-question-7,GATE CSE 2002 | Question: 7,MISSING,,,
go:859,https://gateoverflow.in/859/gate-cse-2002-question-6,GATE CSE 2002 | Question: 6,MISSING,,,
go:858,https://gateoverflow.in/858/gate-cse-2002-question-5a,GATE CSE 2002 | Question: 5a,MISSING,,,
go:857,https://gateoverflow.in/857/gate-cse-2002-question-4,GATE CSE 2002 | Question: 4,MISSING,,,
go:856,https://gateoverflow.in/856/gate-cse-2002-question-3,GATE CSE 2002 | Question: 3,MISSING,,,
go:203574,https://gateoverflow.in/203574/gate-cse-2001-question-21-b,GATE CSE 2001 | Question: 21-b,MISSING,,,
go:203573,https://gateoverflow.in/203573/gate-cse-2001-question-21-c,GATE CSE 2001 | Question: 21-c,MISSING,,,
go:763,https://gateoverflow.in/763/gate-cse-2001-question-22,GATE CSE 2001 | Question: 22,MISSING,,,
go:762,https://gateoverflow.in/762/gate-cse-2001-question-21-a,GATE CSE 2001 | Question: 21-a,MISSING,,,
go:760,https://gateoverflow.in/760/gate-cse-2001-question-19,GATE CSE 2001 | Question: 19,MISSING,,,
go:759,https://gateoverflow.in/759/gate-cse-2001-question-18,GATE CSE 2001 | Question: 18,MISSING,,,
go:758,https://gateoverflow.in/758/gate-cse-2001-question-17,GATE CSE 2001 | Question: 17,MISSING,,,
go:757,https://gateoverflow.in/757/gate-cse-2001-question-16,GATE CSE 2001 | Question: 16,MISSING,,,
go:755,https://gateoverflow.in/755/gate-cse-2001-question-14,GATE CSE 2001 | Question: 14,MISSING,,,
go:754,https://gateoverflow.in/754/gate-cse-2001-question-13,GATE CSE 2001 | Question: 13,MISSING,,,
go:753,https://gateoverflow.in/753/gate-cse-2001-question-12,GATE CSE 2001 | Question: 12,MISSING,,,
go:752,https://gateoverflow.in/752/gate-cse-2001-question-11,GATE CSE 2001 | Question: 11,MISSING,,,
go:751,https://gateoverflow.in/751/gate-cse-2001-question-10,GATE CSE 2001 | Question: 10,MISSING,,,
go:750,https://gateoverflow.in/750/gate-cse-2001-question-9,GATE CSE 2001 | Question: 9,MISSING,,,
go:748,https://gateoverflow.in/748/gate-cse-2001-question-7,GATE CSE 2001 | Question: 7,MISSING,,,
go:747,https://gateoverflow.in/747/gate-cse-2001-question-6,GATE CSE 2001 | Question: 6,MISSING,,,
go:746,https://gateoverflow.in/746/gate-cse-2001-question-5,GATE CSE 2001 | Question: 5,MISSING,,,
go:745,https://gateoverflow.in/745/gate-cse-2001-question-4,GATE CSE 2001 | Question: 4,MISSING,,,
go:744,https://gateoverflow.in/744/gate-cse-2001-question-3,GATE CSE 2001 | Question: 3,MISSING,,,
go:742,https://gateoverflow.in/742/gate-cse-2001-question-2-24,GATE CSE 2001 | Question: 2.24,MISSING,,,
go:693,https://gateoverflow.in/693/gate-cse-2000-question-22,GATE CSE 2000 | Question: 22,MISSING,,,
go:692,https://gateoverflow.in/692/gate-cse-2000-question-21,GATE CSE 2000 | Question: 21,MISSING,,,
go:691,https://gateoverflow.in/691/gate-cse-2000-question-20,GATE CSE 2000 | Question: 20,MISSING,,,
go:690,https://gateoverflow.in/690/gate-cse-2000-question-19,GATE CSE 2000 | Question: 19,MISSING,,,
go:687,https://gateoverflow.in/687/gate-cse-2000-question-16,GATE CSE 2000 | Question: 16,MISSING,,,
go:686,https://gateoverflow.in/686/gate-cse-2000-question-15,GATE CSE 2000 | Question: 15,MISSING,,,
go:685,https://gateoverflow.in/685/gate-cse-2000-question-14,GATE CSE 2000 | Question: 14,MISSING,,,
go:684,https://gateoverflow.in/684/gate-cse-2000-question-13,GATE CSE 2000 | Question: 13,MISSING,,,
go:683,https://gateoverflow.in/683/gate-cse-2000-question-12,GATE CSE 2000 | Question: 12,MISSING,,,
go:680,https://gateoverflow.in/680/gate-cse-2000-question-9,GATE CSE 2000 | Question: 9,MISSING,,,
go:679,https://gateoverflow.in/679/gate-cse-2000-question-8,GATE CSE 2000 | Question: 8,MISSING,,,
go:678,https://gateoverflow.in/678/gate-cse-2000-question-7,GATE CSE 2000 | Question: 7,MISSING,,,
go:677,https://gateoverflow.in/677/gate-cse-2000-question-6,GATE CSE 2000 | Question: 6,MISSING,,,
go:676,https://gateoverflow.in/676/gate-cse-2000-question-5,GATE CSE 2000 | Question: 5,MISSING,,,
go:675,https://gateoverflow.in/675/gate-cse-2000-question-4,GATE CSE 2000 | Question: 4,MISSING,,,
go:674,https://gateoverflow.in/674/gate-cse-2000-question-3,GATE CSE 2000 | Question: 3,MISSING,,,
go:673,https://gateoverflow.in/673/gate-cse-2000-question-2-26,GATE CSE 2000 | Question: 2.26,MISSING,,,
go:205817,https://gateoverflow.in/205817/gate-cse-1999-question-20-b,GATE CSE 1999 | Question: 20-b,MISSING,,,
go:203572,https://gateoverflow.in/203572/gate-cse-1999-question-22-b,GATE CSE 1999 | Question: 22-b,MISSING,,,
go:93575,https://gateoverflow.in/93575/gate-cse-1999-question-11b,GATE CSE 1999 | Question: 11b,MISSING,,,
go:1522,https://gateoverflow.in/1522/gate-cse-1999-question-3,GATE CSE 1999 | Question: 3,MISSING,,,
go:1521,https://gateoverflow.in/1521/gate-cse-1999-question-22-a,GATE CSE 1999 | Question: 22-a,MISSING,,,
go:1520,https://gateoverflow.in/1520/gate-cse-1999-question-21,GATE CSE 1999 | Question: 21,MISSING,,,
go:1519,https://gateoverflow.in/1519/gate-cse-1999-question-20-a,GATE CSE 1999 | Question: 20-a,MISSING,,,
go:1518,https://gateoverflow.in/1518/gate-cse-1999-question-19,GATE CSE 1999 | Question: 19,MISSING,,,
go:1516,https://gateoverflow.in/1516/gate-cse-1999-question-17,GATE CSE 1999 | Question: 17,MISSING,,,
go:1514,https://gateoverflow.in/1514/gate-cse-1999-question-15,GATE CSE 1999 | Question: 15,MISSING,,,
go:1513,https://gateoverflow.in/1513/gate-cse-1999-question-14,GATE CSE 1999 | Question: 14,MISSING,,,
go:1511,https://gateoverflow.in/1511/gate-cse-1999-question-12,GATE CSE 1999 | Question: 12,MISSING,,,
go:1510,https://gateoverflow.in/1510/gate-cse-1999-question-11a,GATE CSE 1999 | Question: 11a,MISSING,,,
go:1509,https://gateoverflow.in/1509/gate-cse-1999-question-10,GATE CSE 1999 | Question: 10,MISSING,,,
go:1507,https://gateoverflow.in/1507/gate-cse-1999-question-8,GATE CSE 1999 | Question: 8,MISSING,,,
go:1506,https://gateoverflow.in/1506/gate-cse-1999-question-7,GATE CSE 1999 | Question: 7,MISSING,,,
go:1505,https://gateoverflow.in/1505/gate-cse-1999-question-6,GATE CSE 1999 | Question: 6,MISSING,,,
go:1504,https://gateoverflow.in/1504/gate-cse-1999-question-5,GATE CSE 1999 | Question: 5,MISSING,,,
go:1503,https://gateoverflow.in/1503/gate-cse-1999-question-4,GATE CSE 1999 | Question: 4,MISSING,,,
go:1498,https://gateoverflow.in/1498/gate-cse-1999-question-2-21,GATE CSE 1999 | Question: 2.21,MISSING,,,
go:232729,https://gateoverflow.in/232729/gate-cse-1998-question-10b,GATE CSE 1998 | Question: 10b,MISSING,,,
go:41055,https://gateoverflow.in/41055/gate-cse-1998-question-25b,GATE CSE 1998 | Question: 25b,MISSING,,,
go:15708,https://gateoverflow.in/15708/gate-cse-1998-question-19b,GATE CSE 1998 | Question: 19b,MISSING,,,
go:2941,https://gateoverflow.in/2941/gate-cse-1998-question-3b,GATE CSE 1998 | Question: 3b,MISSING,,,
go:1742,https://gateoverflow.in/1742/gate-cse-1998-question-27,GATE CSE 1998 | Question: 27,MISSING,,,
go:1741,https://gateoverflow.in/1741/gate-cse-1998-question-26,GATE CSE 1998 | Question: 26,MISSING,,,
go:1740,https://gateoverflow.in/1740/gate-cse-1998-question-25-a,GATE CSE 1998 | Question: 25-a,MISSING,,,
go:1739,https://gateoverflow.in/1739/gate-cse-1998-question-24,GATE CSE 1998 | Question: 24,MISSING,,,
go:1738,https://gateoverflow.in/1738/gate-cse-1998-question-23,GATE CSE 1998 | Question: 23,MISSING,,,
go:1737,https://gateoverflow.in/1737/gate-cse-1998-question-22,GATE CSE 1998 | Question: 22,MISSING,,,
go:1735,https://gateoverflow.in/1735/gate-cse-1998-question-21,GATE CSE 1998 | Question: 21,MISSING,,,
go:1734,https://gateoverflow.in/1734/gate-cse-1998-question-20,GATE CSE 1998 | Question: 20,MISSING,,,
go:1733,https://gateoverflow.in/1733/gate-cse-1998-question-19a,GATE CSE 1998 | Question: 19a,MISSING,,,
go:1732,https://gateoverflow.in/1732/gate-cse-1998-question-18,GATE CSE 1998 | Question: 18,MISSING,,,
go:1730,https://gateoverflow.in/1730/gate-cse-1998-question-16,GATE CSE 1998 | Question: 16,MISSING,,,
go:1728,https://gateoverflow.in/1728/gate-cse-1998-question-14,GATE CSE 1998 | Question: 14,MISSING,,,
go:1727,https://gateoverflow.in/1727/gate-cse-1998-question-13,GATE CSE 1998 | Question: 13,MISSING,,,
go:1726,https://gateoverflow.in/1726/gate-cse-1998-question-12,GATE CSE 1998 | Question: 12,MISSING,,,
go:1725,https://gateoverflow.in/1725/gate-cse-1998-question-11,GATE CSE 1998 | Question: 11,MISSING,,,
go:1724,https://gateoverflow.in/1724/gate-cse-1998-question-10a,GATE CSE 1998 | Question: 10a,MISSING,,,
go:1723,https://gateoverflow.in/1723/gate-cse-1998-question-9,GATE CSE 1998 | Question: 9,MISSING,,,
go:1722,https://gateoverflow.in/1722/gate-cse-1998-question-8,GATE CSE 1998 | Question: 8,MISSING,,,
go:1721,https://gateoverflow.in/1721/gate-cse-1998-question-7-a,GATE CSE 1998 | Question: 7-a,MISSING,,,
go:1697,https://gateoverflow.in/1697/gate-cse-1998-question-6b,GATE CSE 1998 | Question: 6b,MISSING,,,
go:1696,https://gateoverflow.in/1696/gate-cse-1998-question-5,GATE CSE 1998 | Question: 5,MISSING,,,
go:1695,https://gateoverflow.in/1695/gate-cse-1998-question-4,GATE CSE 1998 | Question: 4,MISSING,,,
go:203570,https://gateoverflow.in/203570/gate-cse-1997-question-76-b,GATE CSE 1997 | Question: 76-b,MISSING,,,
go:36282,https://gateoverflow.in/36282/deadlock,Deadlock,MISSING,,,
go:19838,https://gateoverflow.in/19838/gate-cse-1997-question-76-a,GATE CSE 1997 | Question: 76-a,MISSING,,,
go:19705,https://gateoverflow.in/19705/gate-cse-1997-question-75,GATE CSE 1997 | Question: 75,MISSING,,,
go:19703,https://gateoverflow.in/19703/gate-cse-1997-question-73,GATE CSE 1997 | Question: 73,MISSING,,,
go:19702,https://gateoverflow.in/19702/gate-cse-1997-question-72,GATE CSE 1997 | Question: 72,MISSING,,,
go:19700,https://gateoverflow.in/19700/gate-cse-1997-question-70,GATE CSE 1997 | Question: 70,MISSING,,,
go:2283,https://gateoverflow.in/2283/gate-cse-1997-question-23,GATE CSE 1997 | Question: 23,MISSING,,,
go:2281,https://gateoverflow.in/2281/gate-cse-1997-question-21,GATE CSE 1997 | Question: 21,MISSING,,,
go:2280,https://gateoverflow.in/2280/gate-cse-1997-question-20,GATE CSE 1997 | Question: 20,MISSING,,,
go:2279,https://gateoverflow.in/2279/gate-cse-1997-question-19,GATE CSE 1997 | Question: 19,MISSING,,,
go:2278,https://gateoverflow.in/2278/gate-cse-1997-question-18,GATE CSE 1997 | Question: 18,MISSING,,,
go:2277,https://gateoverflow.in/2277/gate-cse-1997-question-17,GATE CSE 1997 | Question: 17,MISSING,,,
go:2276,https://gateoverflow.in/2276/gate-cse-1997-question-16,GATE CSE 1997 | Question: 16,MISSING,,,
go:2274,https://gateoverflow.in/2274/gate-cse-1997-question-14,GATE CSE 1997 | Question: 14,MISSING,,,
go:2273,https://gateoverflow.in/2273/gate-cse-1997-question-13,GATE CSE 1997 | Question: 13,MISSING,,,
go:2272,https://gateoverflow.in/2272/gate-cse-1997-question-12,GATE CSE 1997 | Question: 12,MISSING,,,
go:2271,https://gateoverflow.in/2271/gate-cse-1997-question-11,GATE CSE 1997 | Question: 11,MISSING,,,
go:203691,https://gateoverflow.in/203691/gate-cse-1996-question-24-b,GATE CSE 1996 | Question: 24-b,MISSING,,,
go:2779,https://gateoverflow.in/2779/gate-cse-1996-question-27,GATE CSE 1996 | Question: 27,MISSING,,,
go:2776,https://gateoverflow.in/2776/gate-cse-1996-question-24-a,GATE CSE 1996 | Question: 24-a,MISSING,,,
go:2775,https://gateoverflow.in/2775/gate-cse-1996-question-23,GATE CSE 1996 | Question: 23,MISSING,,,
go:2774,https://gateoverflow.in/2774/gate-cse-1996-question-22,GATE CSE 1996 | Question: 22,MISSING,,,
go:2773,https://gateoverflow.in/2773/gate-cse-1996-question-21,GATE CSE 1996 | Question: 21,MISSING,,,
go:2772,https://gateoverflow.in/2772/gate-cse-1996-question-20,GATE CSE 1996 | Question: 20,MISSING,,,
go:2769,https://gateoverflow.in/2769/gate-cse-1996-question-17,GATE CSE 1996 | Question: 17,MISSING,,,
go:2768,https://gateoverflow.in/2768/gate-cse-1996-question-16,GATE CSE 1996 | Question: 16,MISSING,,,
go:2767,https://gateoverflow.in/2767/gate-cse-1996-question-15,GATE CSE 1996 | Question: 15,MISSING,,,
go:2765,https://gateoverflow.in/2765/gate-cse-1996-question-13,GATE CSE 1996 | Question: 13,MISSING,,,
go:2764,https://gateoverflow.in/2764/gate-cse-1996-question-12,GATE CSE 1996 | Question: 12,MISSING,,,
go:2763,https://gateoverflow.in/2763/gate-cse-1996-question-11,GATE CSE 1996 | Question: 11,MISSING,,,
go:2762,https://gateoverflow.in/2762/gate-cse-1996-question-10,GATE CSE 1996 | Question: 10,MISSING,,,
go:2761,https://gateoverflow.in/2761/gate-cse-1996-question-9,GATE CSE 1996 | Question: 9,MISSING,,,
go:2760,https://gateoverflow.in/2760/gate-cse-1996-question-8,GATE CSE 1996 | Question: 8,MISSING,,,
go:2759,https://gateoverflow.in/2759/gate-cse-1996-question-7,GATE CSE 1996 | Question: 7,MISSING,,,
go:2757,https://gateoverflow.in/2757/gate-cse-1996-question-5,GATE CSE 1996 | Question: 5,MISSING,,,
go:2756,https://gateoverflow.in/2756/gate-cse-1996-question-4,GATE CSE 1996 | Question: 4,MISSING,,,
go:2755,https://gateoverflow.in/2755/gate-cse-1996-question-3,GATE CSE 1996 | Question: 3,MISSING,,,
go:203837,https://gateoverflow.in/203837/gate-cse-1995-question-15-b,GATE CSE 1995 | Question: 15-b,MISSING,,,
go:2667,https://gateoverflow.in/2667/gate-cse-1995-question-6,GATE CSE 1995 | Question: 6,MISSING,,,
go:2666,https://gateoverflow.in/2666/gate-cse-1995-question-27,GATE CSE 1995 | Question: 27,MISSING,,,
go:2665,https://gateoverflow.in/2665/gate-cse-1995-question-26,GATE CSE 1995 | Question: 26,MISSING,,,
go:2663,https://gateoverflow.in/2663/gate-cse-1995-question-24,GATE CSE 1995 | Question: 24,MISSING,,,
go:2661,https://gateoverflow.in/2661/gate-cse-1995-question-23,GATE CSE 1995 | Question: 23,MISSING,,,
go:2660,https://gateoverflow.in/2660/gate-cse-1995-question-22,GATE CSE 1995 | Question: 22,MISSING,,,
go:2659,https://gateoverflow.in/2659/gate-cse-1995-question-21,GATE CSE 1995 | Question: 21,MISSING,,,
go:2658,https://gateoverflow.in/2658/gate-cse-1995-question-20,GATE CSE 1995 | Question: 20,MISSING,,,
go:2656,https://gateoverflow.in/2656/gate-cse-1995-question-19,GATE CSE 1995 | Question: 19,MISSING,,,
go:2655,https://gateoverflow.in/2655/gate-cse-1995-question-18,GATE CSE 1995 | Question: 18,MISSING,,,
go:2651,https://gateoverflow.in/2651/gate-cse-1995-question-15-a,GATE CSE 1995 | Question: 15-a,MISSING,,,
go:2650,https://gateoverflow.in/2650/gate-cse-1995-question-14,GATE CSE 1995 | Question: 14,MISSING,,,
go:2649,https://gateoverflow.in/2649/gate-cse-1995-question-13,GATE CSE 1995 | Question: 13,MISSING,,,
go:2648,https://gateoverflow.in/2648/gate-cse-1995-question-12,GATE CSE 1995 | Question: 12,MISSING,,,
go:2647,https://gateoverflow.in/2647/gate-cse-1995-question-11,GATE CSE 1995 | Question: 11,MISSING,,,
go:2644,https://gateoverflow.in/2644/gate-cse-1995-question-9,GATE CSE 1995 | Question: 9,MISSING,,,
go:2643,https://gateoverflow.in/2643/gate-cse-1995-question-8,GATE CSE 1995 | Question: 8,MISSING,,,
go:2641,https://gateoverflow.in/2641/gate-cse-1995-question-5,GATE CSE 1995 | Question: 5,MISSING,,,
go:2640,https://gateoverflow.in/2640/gate-cse-1995-question-4,GATE CSE 1995 | Question: 4,MISSING,,,
go:2639,https://gateoverflow.in/2639/gate-cse-1995-question-3,GATE CSE 1995 | Question: 3,MISSING,,,
go:360171,https://gateoverflow.in/360171/gate-cse-1994-question-17b,GATE CSE 1994 | Question: 17b,MISSING,,,
go:360170,https://gateoverflow.in/360170/gate-cse-1994-question-18b,GATE CSE 1994 | Question: 18b,MISSING,,,
go:360163,https://gateoverflow.in/360163/gate-cse-1994-question-14b,GATE CSE 1994 | Question: 14b,MISSING,,,
go:2524,https://gateoverflow.in/2524/gate-cse-1994-question-28,GATE CSE 1994 | Question: 28,MISSING,,,
go:2523,https://gateoverflow.in/2523/gate-cse-1994-question-27,GATE CSE 1994 | Question: 27,MISSING,,,
go:2522,https://gateoverflow.in/2522/gate-cse-1994-question-26,GATE CSE 1994 | Question: 26,MISSING,,,
go:2521,https://gateoverflow.in/2521/gate-cse-1994-question-25,GATE CSE 1994 | Question: 25,MISSING,,,
go:2520,https://gateoverflow.in/2520/gate-cse-1994-question-24,GATE CSE 1994 | Question: 24,MISSING,,,
go:2519,https://gateoverflow.in/2519/gate-cse-1994-question-23,GATE CSE 1994 | Question: 23,MISSING,,,
go:2516,https://gateoverflow.in/2516/gate-cse-1994-question-20,GATE CSE 1994 | Question: 20,MISSING,,,
go:2515,https://gateoverflow.in/2515/gate-cse-1994-question-19,GATE CSE 1994 | Question: 19,MISSING,,,
go:2514,https://gateoverflow.in/2514/gate-cse-1994-question-18a,GATE CSE 1994 | Question: 18a,MISSING,,,
go:2513,https://gateoverflow.in/2513/gate-cse-1994-question-17a,GATE CSE 1994 | Question: 17a,MISSING,,,
go:2511,https://gateoverflow.in/2511/gate-cse-1994-question-15,GATE CSE 1994 | Question: 15,MISSING,,,
go:2510,https://gateoverflow.in/2510/gate-cse-1994-question-14a,GATE CSE 1994 | Question: 14a,MISSING,,,
go:2509,https://gateoverflow.in/2509/gate-cse-1994-question-13,GATE CSE 1994 | Question: 13,MISSING,,,
go:2508,https://gateoverflow.in/2508/gate-cse-1994-question-12,GATE CSE 1994 | Question: 12,MISSING,,,
go:2505,https://gateoverflow.in/2505/gate-cse-1994-question-9,GATE CSE 1994 | Question: 9,MISSING,,,
go:2504,https://gateoverflow.in/2504/gate-cse-1994-question-8,GATE CSE 1994 | Question: 8,MISSING,,,
go:2503,https://gateoverflow.in/2503/gate-cse-1994-question-7,GATE CSE 1994 | Question: 7,MISSING,,,
go:2502,https://gateoverflow.in/2502/gate-cse-1994-question-6,GATE CSE 1994 | Question: 6,MISSING,,,
go:2501,https://gateoverflow.in/2501/gate-cse-1994-question-5,GATE CSE 1994 | Question: 5,MISSING,,,
go:2500,https://gateoverflow.in/2500/gate-cse-1994-question-4,GATE CSE 1994 | Question: 4,MISSING,,,
go:2498,https://gateoverflow.in/2498/gate-cse-1994-question-3-12,GATE CSE 1994 | Question: 3.12,MISSING,,,
go:203351,https://gateoverflow.in/203351/gate-cse-1993-question-24,GATE CSE 1993 | Question: 24,MISSING,,,
go:2324,https://gateoverflow.in/2324/gate-cse-1993-question-28,GATE CSE 1993 | Question: 28,MISSING,,,
go:2323,https://gateoverflow.in/2323/gate-cse-1993-question-27,GATE CSE 1993 | Question: 27,MISSING,,,
go:2322,https://gateoverflow.in/2322/gate-cse-1993-question-26,GATE CSE 1993 | Question: 26,MISSING,,,
go:2321,https://gateoverflow.in/2321/gate-cse-1993-question-25,GATE CSE 1993 | Question: 25,MISSING,,,
go:2320,https://gateoverflow.in/2320/gate-cse-1993-question-23,GATE CSE 1993 | Question: 23,MISSING,,,
go:2319,https://gateoverflow.in/2319/gate-cse-1993-question-22,GATE CSE 1993 | Question: 22,MISSING,,,
go:2318,https://gateoverflow.in/2318/gate-cse-1993-question-21,GATE CSE 1993 | Question: 21,MISSING,,,
go:2316,https://gateoverflow.in/2316/gate-cse-1993-question-19,GATE CSE 1993 | Question: 19,MISSING,,,
go:2315,https://gateoverflow.in/2315/gate-cse-1993-question-18,GATE CSE 1993 | Question: 18,MISSING,,,
go:2314,https://gateoverflow.in/2314/gate-cse-1993-question-17,GATE CSE 1993 | Question: 17,MISSING,,,
go:2313,https://gateoverflow.in/2313/gate-cse-1993-question-16,GATE CSE 1993 | Question: 16,MISSING,,,
go:2310,https://gateoverflow.in/2310/gate-cse-1993-question-13,GATE CSE 1993 | Question: 13,MISSING,,,
go:2309,https://gateoverflow.in/2309/gate-cse-1993-question-12,GATE CSE 1993 | Question: 12,MISSING,,,
go:2308,https://gateoverflow.in/2308/gate-cse-1993-question-11,GATE CSE 1993 | Question: 11,MISSING,,,
go:2307,https://gateoverflow.in/2307/gate-cse-1993-question-10,GATE CSE 1993 | Question: 10,MISSING,,,
go:2306,https://gateoverflow.in/2306/gate-cse-1993-question-9,GATE CSE 1993 | Question: 9,MISSING,,,
go:2305,https://gateoverflow.in/2305/gate-cse-1993-question-8-7,GATE CSE 1993 | Question: 8.7,MISSING,,,
go:2303,https://gateoverflow.in/2303/gate-cse-1993-question-8-5,GATE CSE 1993 | Question: 8.5,MISSING,,,
go:43600,https://gateoverflow.in/43600/gate-cse-1992-question-07b,GATE CSE 1992 | Question: 07b,MISSING,,,
go:43584,https://gateoverflow.in/43584/gate-cse-1992-question-10b,GATE CSE 1992 | Question: 10b,MISSING,,,
go:43583,https://gateoverflow.in/43583/gate-cse-1992-question-11b,GATE CSE 1992 | Question: 11b,MISSING,,,
go:43581,https://gateoverflow.in/43581/gate-cse-1992-question-13b,GATE CSE 1992 | Question: 13b,MISSING,,,
go:43579,https://gateoverflow.in/43579/gate-cse-1992-question-15-b,GATE CSE 1992 | Question: 15.b,MISSING,,,
go:31576,https://gateoverflow.in/31576/gate-cse-1992-question-05-b,"GATE CSE 1992 | Question: 05,b",MISSING,,,
go:17408,https://gateoverflow.in/17408/gate1992-04-c,GATE1992-04-c,MISSING,,,
go:17407,https://gateoverflow.in/17407/gate1992-04-b,GATE1992-04-b,MISSING,,,
go:594,https://gateoverflow.in/594/gate-cse-1992-question-15-a,GATE CSE 1992 | Question: 15.a,MISSING,,,
go:593,https://gateoverflow.in/593/gate-cse-1992-question-14a,GATE CSE 1992 | Question: 14a,MISSING,,,
go:592,https://gateoverflow.in/592/gate-cse-1992-question-13a,GATE CSE 1992 | Question: 13a,MISSING,,,
go:591,https://gateoverflow.in/591/gate-cse-1992-question-12-a,GATE CSE 1992 | Question: 12-a,MISSING,,,
go:590,https://gateoverflow.in/590/gate-cse-1992-question-11a,GATE CSE 1992 | Question: 11a,MISSING,,,
go:588,https://gateoverflow.in/588/gate-cse-1992-question-09,GATE CSE 1992 | Question: 09,MISSING,,,
go:587,https://gateoverflow.in/587/gate-cse-1992-question-8,GATE CSE 1992 | Question: 8,MISSING,,,
go:586,https://gateoverflow.in/586/gate-cse-1992-question-07a,GATE CSE 1992 | Question: 07a,MISSING,,,
go:583,https://gateoverflow.in/583/gate-cse-1992-question-4-a,GATE CSE 1992 | Question: 4-a,MISSING,,,
go:580,https://gateoverflow.in/580/gate-cse-1992-question-03-iii,"GATE CSE 1992 | Question: 03,iii",MISSING,,,
go:579,https://gateoverflow.in/579/gate-cse-1992-question-03-ii,"GATE CSE 1992 | Question: 03,ii",MISSING,,,
go:578,https://gateoverflow.in/578/gate-cse-1992-question-3-i,"GATE CSE 1992 | Question: 3,i",MISSING,,,
go:43606,https://gateoverflow.in/43606/gate-cse-1991-question-07b,GATE CSE 1991 | Question: 07b,MISSING,,,
go:43605,https://gateoverflow.in/43605/gate-cse-1991-question-10c,GATE CSE 1991 | Question: 10c,MISSING,,,
go:43604,https://gateoverflow.in/43604/gate-cse-1991-question-10b,GATE CSE 1991 | Question: 10b,MISSING,,,
go:43603,https://gateoverflow.in/43603/gate-cse-1991-question-09b,GATE CSE 1991 | Question: 09b,MISSING,,,
go:43027,https://gateoverflow.in/43027/gate-cse-1991-question-14-c,"GATE CSE 1991 | Question: 14,c",MISSING,,,
go:43026,https://gateoverflow.in/43026/gate-cse-1991-question-14-b,"GATE CSE 1991 | Question: 14,b",MISSING,,,
go:43000,https://gateoverflow.in/43000/gate-cse-1991-question-11-b,"GATE CSE 1991 | Question: 11,b",MISSING,,,
go:42998,https://gateoverflow.in/42998/gate-cse-1991-question-12-b,"GATE CSE 1991 | Question: 12,b",MISSING,,,
go:26748,https://gateoverflow.in/26748/gate-cse-1991-question-15-b,"GATE CSE 1991 | Question: 15,b",MISSING,,,
go:26653,https://gateoverflow.in/26653/gate-cse-1991-question-17-a,"GATE CSE 1991 | Question: 17,a",MISSING,,,
go:26647,https://gateoverflow.in/26647/gate-cse-1991-question-16-b,GATE CSE 1991 | Question: 16-b,MISSING,,,
go:26437,https://gateoverflow.in/26437/gate-cse-1991-question-5-b,GATE CSE 1991 | Question: 5-b,MISSING,,,
go:544,https://gateoverflow.in/544/gate-cse-1991-question-17-b,"GATE CSE 1991 | Question: 17,b",MISSING,,,
go:543,https://gateoverflow.in/543/gate-cse-1991-question-16-a,"GATE CSE 1991 | Question: 16,a",MISSING,,,
go:542,https://gateoverflow.in/542/gate-cse-1991-question-15-a,"GATE CSE 1991 | Question: 15,a",MISSING,,,
go:541,https://gateoverflow.in/541/gate-cse-1991-question-14-a,"GATE CSE 1991 | Question: 14,a",MISSING,,,
go:539,https://gateoverflow.in/539/gate-cse-1991-question-12-a,GATE CSE 1991 | Question: 12-a,MISSING,,,
go:538,https://gateoverflow.in/538/gate-cse-1991-question-11-a,"GATE CSE 1991 | Question: 11,a",MISSING,,,
go:537,https://gateoverflow.in/537/gate-cse-1991-question-10a,GATE CSE 1991 | Question: 10a,MISSING,,,
go:536,https://gateoverflow.in/536/gate-cse-1991-question-09a,GATE CSE 1991 | Question: 09a,MISSING,,,
go:533,https://gateoverflow.in/533/gate-cse-1991-question-07a,GATE CSE 1991 | Question: 07a,MISSING,,,
go:532,https://gateoverflow.in/532/gate-cse-1991-question-06-a,"GATE CSE 1991 | Question: 06,a",MISSING,,,
go:531,https://gateoverflow.in/531/gate-cse-1991-question-5-a,GATE CSE 1991 | Question: 5-a,MISSING,,,
go:203832,https://gateoverflow.in/203832/gate-cse-1990-question-1-iv-b,GATE CSE 1990 | Question: 1-iv-b,MISSING,,,
go:87055,https://gateoverflow.in/87055/gate-cse-1990-question-1-viii,GATE CSE 1990 | Question: 1-viii,MISSING,,,
go:86884,https://gateoverflow.in/86884/gate-cse-1990-question-17c,GATE CSE 1990 | Question: 17c,MISSING,,,
go:86878,https://gateoverflow.in/86878/gate-cse-1990-question-17a,GATE CSE 1990 | Question: 17a,MISSING,,,
go:86873,https://gateoverflow.in/86873/gate-cse-1990-question-16b,GATE CSE 1990 | Question: 16b,MISSING,,,
go:86869,https://gateoverflow.in/86869/gate-cse-1990-question-16a,GATE CSE 1990 | Question: 16a,MISSING,,,
go:86864,https://gateoverflow.in/86864/gate-cse-1990-question-15a,GATE CSE 1990 | Question: 15a,MISSING,,,
go:86228,https://gateoverflow.in/86228/gate-cse-1990-question-14,GATE CSE 1990 | Question: 14,MISSING,,,
go:86225,https://gateoverflow.in/86225/gate-cse-1990-question-13b,GATE CSE 1990 | Question: 13b,MISSING,,,
go:86224,https://gateoverflow.in/86224/gate-cse-1990-question-13a,GATE CSE 1990 | Question: 13a,MISSING,,,
go:86146,https://gateoverflow.in/86146/gate-cse-1990-question-12b,GATE CSE 1990 | Question: 12b,MISSING,,,
go:86108,https://gateoverflow.in/86108/gate-cse-1990-question-12a,GATE CSE 1990 | Question: 12a,MISSING,,,
go:85987,https://gateoverflow.in/85987/gate-cse-1990-question-11b,GATE CSE 1990 | Question: 11b,MISSING,,,
go:85981,https://gateoverflow.in/85981/gate-cse-1990-question-11a,GATE CSE 1990 | Question: 11a,MISSING,,,
go:85691,https://gateoverflow.in/85691/gate-cse-1990-question-10b,GATE CSE 1990 | Question: 10b,MISSING,,,
go:85686,https://gateoverflow.in/85686/gate-cse-1990-question-10-a,GATE CSE 1990 | Question: 10-a,MISSING,,,
go:85678,https://gateoverflow.in/85678/gate-cse-1990-question-9b,GATE CSE 1990 | Question: 9b,MISSING,,,
go:85677,https://gateoverflow.in/85677/gate-cse-1990-question-9a,GATE CSE 1990 | Question: 9a,MISSING,,,
go:85671,https://gateoverflow.in/85671/gate-cse-1990-question-8b,GATE CSE 1990 | Question: 8b,MISSING,,,
go:85669,https://gateoverflow.in/85669/gate-cse-1990-question-8a,GATE CSE 1990 | Question: 8a,MISSING,,,
go:85406,https://gateoverflow.in/85406/gate-cse-1990-question-7-c,GATE CSE 1990 | Question: 7-c,MISSING,,,
go:85404,https://gateoverflow.in/85404/gate-cse-1990-question-7-b,GATE CSE 1990 | Question: 7-b,MISSING,,,
go:85403,https://gateoverflow.in/85403/gate-cse-1990-question-7a,GATE CSE 1990 | Question: 7a,MISSING,,,
go:85400,https://gateoverflow.in/85400/gate-cse-1990-question-5-c,GATE CSE 1990 | Question: 5-c,MISSING,,,
go:85398,https://gateoverflow.in/85398/gate-cse-1990-question-5-b,GATE CSE 1990 | Question: 5-b,MISSING,,,
go:85396,https://gateoverflow.in/85396/gate-cse-1990-question-5-a,GATE CSE 1990 | Question: 5-a,MISSING,,,
go:93179,https://gateoverflow.in/93179/gate-cse-1989-question-14a,GATE CSE 1989 | Question: 14a,MISSING,,,
go:93178,https://gateoverflow.in/93178/gate-cse-1989-question-13c,GATE CSE 1989 | Question: 13c,MISSING,,,
go:93175,https://gateoverflow.in/93175/gate-cse-1989-question-13b,GATE CSE 1989 | Question: 13b,MISSING,,,
go:91199,https://gateoverflow.in/91199/gate-cse-1989-question-12a,GATE CSE 1989 | Question: 12a,MISSING,,,
go:91096,https://gateoverflow.in/91096/gate-cse-1989-question-11b,GATE CSE 1989 | Question: 11b,MISSING,,,
go:91093,https://gateoverflow.in/91093/gate-cse-1989-question-11a,GATE CSE 1989 | Question: 11a,MISSING,,,
go:89643,https://gateoverflow.in/89643/gate-cse-1989-question-10b,GATE CSE 1989 | Question: 10b,MISSING,,,
go:89636,https://gateoverflow.in/89636/gate-cse-1989-question-10a,GATE CSE 1989 | Question: 10a,MISSING,,,
go:89083,https://gateoverflow.in/89083/gate-cse-1989-question-9,GATE CSE 1989 | Question: 9,MISSING,,,
go:89082,https://gateoverflow.in/89082/gate-cse-1989-question-8b,GATE CSE 1989 | Question: 8b,MISSING,,,
go:89080,https://gateoverflow.in/89080/gate-cse-1989-question-8a,GATE CSE 1989 | Question: 8a,MISSING,,,
go:88564,https://gateoverflow.in/88564/gate-cse-1989-question-6b,GATE CSE 1989 | Question: 6b,MISSING,,,
go:88557,https://gateoverflow.in/88557/gate-cse-1989-question-6a,GATE CSE 1989 | Question: 6a,MISSING,,,
go:88232,https://gateoverflow.in/88232/gate-cse-1989-question-5b,GATE CSE 1989 | Question: 5b,MISSING,,,
go:88230,https://gateoverflow.in/88230/gate-cse-1989-question-5-a,GATE CSE 1989 | Question: 5-a,MISSING,,,
go:88228,https://gateoverflow.in/88228/gate-cse-1989-question-4-xiv,GATE CSE 1989 | Question: 4-xiv,MISSING,,,
go:88222,https://gateoverflow.in/88222/gate-cse-1989-question-4-xii,GATE CSE 1989 | Question: 4-xii,MISSING,,,
go:88167,https://gateoverflow.in/88167/gate-cse-1989-question-4-xi,GATE CSE 1989 | Question: 4-xi,MISSING,,,
go:88166,https://gateoverflow.in/88166/gate-cse-1989-question-4-x,GATE CSE 1989 | Question: 4-x,MISSING,,,
go:88164,https://gateoverflow.in/88164/gate-cse-1989-question-4-ix,GATE CSE 1989 | Question: 4-ix,MISSING,,,
go:88156,https://gateoverflow.in/88156/gate-cse-1989-question-4-viii,GATE CSE 1989 | Question: 4-viii,MISSING,,,
go:88152,https://gateoverflow.in/88152/gate-cse-1989-question-4-vii,GATE CSE 1989 | Question: 4-vii,MISSING,,,
go:88148,https://gateoverflow.in/88148/gate-cse-1989-question-4-vi,GATE CSE 1989 | Question: 4-vi,MISSING,,,
go:87885,https://gateoverflow.in/87885/gate-cse-1989-question-4-v,GATE CSE 1989 | Question: 4-v,MISSING,,,
go:87883,https://gateoverflow.in/87883/gate-cse-1989-question-4-iii,GATE CSE 1989 | Question: 4-iii,MISSING,,,
go:87881,https://gateoverflow.in/87881/gate-cse-1989-question-4-ii,GATE CSE 1989 | Question: 4-ii,MISSING,,,
go:94644,https://gateoverflow.in/94644/gate-cse-1988-question-16i,GATE CSE 1988 | Question: 16i,MISSING,,,
go:94642,https://gateoverflow.in/94642/gate-cse-1988-question-15,GATE CSE 1988 | Question: 15,MISSING,,,
go:94637,https://gateoverflow.in/94637/gate-cse-1988-question-13iv,GATE CSE 1988 | Question: 13iv,MISSING,,,
go:94634,https://gateoverflow.in/94634/gate-cse-1988-question-13ii,GATE CSE 1988 | Question: 13ii,MISSING,,,
go:94626,https://gateoverflow.in/94626/gate-cse-1988-question-12iv,GATE CSE 1988 | Question: 12iv,MISSING,,,
go:94625,https://gateoverflow.in/94625/gate-cse-1988-question-12iii,GATE CSE 1988 | Question: 12iii,MISSING,,,
go:94619,https://gateoverflow.in/94619/gate-cse-1988-question-12iic,GATE CSE 1988 | Question: 12iic,MISSING,,,
go:94618,https://gateoverflow.in/94618/gate-cse-1988-question-12iib,GATE CSE 1988 | Question: 12iib,MISSING,,,
go:94399,https://gateoverflow.in/94399/gate-cse-1988-question-12iia,GATE CSE 1988 | Question: 12iia,MISSING,,,
go:94398,https://gateoverflow.in/94398/gate-cse-1988-question-12i,GATE CSE 1988 | Question: 12i,MISSING,,,
go:94397,https://gateoverflow.in/94397/gate-cse-1988-question-11,GATE CSE 1988 | Question: 11,MISSING,,,
go:94393,https://gateoverflow.in/94393/gate-cse-1988-question-10iib,GATE CSE 1988 | Question: 10iib,MISSING,,,
go:94391,https://gateoverflow.in/94391/gate-cse-1988-question-10ib,GATE CSE 1988 | Question: 10ib,MISSING,,,
go:94390,https://gateoverflow.in/94390/gate-cse-1988-question-10ia,GATE CSE 1988 | Question: 10ia,MISSING,,,
go:94388,https://gateoverflow.in/94388/gate-cse-1988-question-9iii,GATE CSE 1988 | Question: 9iii,MISSING,,,
go:94387,https://gateoverflow.in/94387/gate-cse-1988-question-9ii,GATE CSE 1988 | Question: 9ii,MISSING,,,
go:94384,https://gateoverflow.in/94384/gate-cse-1988-question-9i,GATE CSE 1988 | Question: 9i,MISSING,,,
go:94379,https://gateoverflow.in/94379/gate-cse-1988-question-8ii,GATE CSE 1988 | Question: 8ii,MISSING,,,
go:94371,https://gateoverflow.in/94371/gate-cse-1988-question-8i,GATE CSE 1988 | Question: 8i,MISSING,,,
go:82457,https://gateoverflow.in/82457/gate-cse-1987-question-10e,GATE CSE 1987 | Question: 10e,MISSING,,,
go:82455,https://gateoverflow.in/82455/gate-cse-1987-question-10d,GATE CSE 1987 | Question: 10d,MISSING,,,
go:82452,https://gateoverflow.in/82452/gate-cse-1987-question-10c,GATE CSE 1987 | Question: 10c,MISSING,,,
go:82451,https://gateoverflow.in/82451/gate-cse-1987-question-10b,GATE CSE 1987 | Question: 10b,MISSING,,,
go:82450,https://gateoverflow.in/82450/gate-cse-1987-question-10a,GATE CSE 1987 | Question: 10a,MISSING,,,
go:82446,https://gateoverflow.in/82446/gate-cse-1987-question-9e,GATE CSE 1987 | Question: 9e,MISSING,,,
go:82442,https://gateoverflow.in/82442/gate-cse-1987-question-9d,GATE CSE 1987 | Question: 9d,MISSING,,,
go:82438,https://gateoverflow.in/82438/gate-cse-1987-question-9c,GATE CSE 1987 | Question: 9c,MISSING,,,
go:82437,https://gateoverflow.in/82437/gate-cse-1987-question-9b,GATE CSE 1987 | Question: 9b,MISSING,,,
go:82436,https://gateoverflow.in/82436/gate-cse-1987-question-9a,GATE CSE 1987 | Question: 9a,MISSING,,,
go:82433,https://gateoverflow.in/82433/gate-cse-1987-question-8a,GATE CSE 1987 | Question: 8a,MISSING,,,
go:82427,https://gateoverflow.in/82427/gate-cse-1987-question-7b,GATE CSE 1987 | Question: 7b,MISSING,,,
go:82425,https://gateoverflow.in/82425/gate-cse-1987-question-7a,GATE CSE 1987 | Question: 7a,MISSING,,,
go:82419,https://gateoverflow.in/82419/gate-cse-1987-question-6a,GATE CSE 1987 | Question: 6a,MISSING,,,
go:81360,https://gateoverflow.in/81360/gate-cse-1987-question-4b,GATE CSE 1987 | Question: 4b,MISSING,,,
go:81359,https://gateoverflow.in/81359/gate-cse-1987-question-4a,GATE CSE 1987 | Question: 4a,MISSING,,,
go:81357,https://gateoverflow.in/81357/gate-cse-1987-question-3a,GATE CSE 1987 | Question: 3a,MISSING,,,
go:357428,https://gateoverflow.in/357428/gate-cse-2021-set-1-question-23,GATE CSE 2021 Set 1 | Question: 23,MISSING,,,
go:118303,https://gateoverflow.in/118303/gate-cse-2017-set-1-question-23,GATE CSE 2017 Set 1 | Question: 23,MISSING,,,
go:8094,https://gateoverflow.in/8094/gate-cse-2015-set-1-question-7,GATE CSE 2015 Set 1 | Question: 7,MISSING,,,
go:8047,https://gateoverflow.in/8047/gate-cse-2015-set-2-question-1,GATE CSE 2015 Set 2 | Question: 1,MISSING,,,
go:473,https://gateoverflow.in/473/gate-cse-2012-question-38,GATE CSE 2012 | Question: 38,MISSING,,,
go:47,https://gateoverflow.in/47/gate-cse-2012-question-15,GATE CSE 2012 | Question: 15,MISSING,,,
go:441,https://gateoverflow.in/441/gate-cse-2008-question-30,GATE CSE 2008 | Question: 30,MISSING,,,
go:1376,https://gateoverflow.in/1376/gate-cse-2005-question-53,GATE CSE 2005 | Question: 53,MISSING,,,
go:3804,https://gateoverflow.in/3804/gate-it-2005-question-43,GATE IT 2005 | Question: 43,MISSING,,,
go:1047,https://gateoverflow.in/1047/gate-cse-2004-question-51,GATE CSE 2004 | Question: 51,MISSING,,,
go:718,https://gateoverflow.in/718/gate-cse-2001-question-1-25,GATE CSE 2001 | Question: 1.25,MISSING,,,
go:717,https://gateoverflow.in/717/gate-cse-2001-question-1-24,GATE CSE 2001 | Question: 1.24,MISSING,,,
go:655,https://gateoverflow.in/655/gate-cse-2000-question-2-8,GATE CSE 2000 | Question: 2.8,MISSING,,,
go:647,https://gateoverflow.in/647/gate-cse-2000-question-1-23-isro2016-57,"GATE CSE 2000 | Question: 1.23, ISRO2016-57",MISSING,,,
go:1484,https://gateoverflow.in/1484/gate-cse-1999-question-2-6,GATE CSE 1999 | Question: 2.6,MISSING,,,
go:1670,https://gateoverflow.in/1670/gate-cse-1998-question-1-33,GATE CSE 1998 | Question: 1.33,MISSING,,,
go:2251,https://gateoverflow.in/2251/gate-cse-1997-question-4-10,GATE CSE 1997 | Question: 4.10,MISSING,,,
go:2494,https://gateoverflow.in/2494/gate-cse-1994-question-3-8,GATE CSE 1994 | Question: 3.8,MISSING,,,
go:2493,https://gateoverflow.in/2493/gate-cse-1994-question-3-7,GATE CSE 1994 | Question: 3.7,MISSING,,,
go:2482,https://gateoverflow.in/2482/gate-cse-1994-question-3-5,GATE CSE 1994 | Question: 3.5,MISSING,,,
go:2477,https://gateoverflow.in/2477/gate-cse-1994-question-2-10,GATE CSE 1994 | Question: 2.10,MISSING,,,
go:2474,https://gateoverflow.in/2474/gate-cse-1994-question-2-7,GATE CSE 1994 | Question: 2.7,MISSING,,,
go:2473,https://gateoverflow.in/2473/gate-cse-1994-question-2-6,GATE CSE 1994 | Question: 2.6,MISSING,,,
go:2472,https://gateoverflow.in/2472/gate-cse-1994-question-2-5,GATE CSE 1994 | Question: 2.5,MISSING,,,
go:2471,https://gateoverflow.in/2471/gate-cse-1994-question-2-4,GATE CSE 1994 | Question: 2.4,MISSING,,,
go:2470,https://gateoverflow.in/2470/gate-cse-1994-question-2-3,GATE CSE 1994 | Question: 2.3,MISSING,,,
go:2469,https://gateoverflow.in/2469/gate-cse-1994-question-2-2,GATE CSE 1994 | Question: 2.2,MISSING,,,
go:2468,https://gateoverflow.in/2468/gate-cse-1994-question-2-1,GATE CSE 1994 | Question: 2-1,MISSING,,,
go:2297,https://gateoverflow.in/2297/gate-cse-1993-question-7-9-ugcnet-dec2012-iii-41,"GATE CSE 1993 | Question: 7.9, UGCNET-Dec2012-III:",MISSING,,,
go:2289,https://gateoverflow.in/2289/gate-cse-1993-question-6-7,GATE CSE 1993 | Question: 6.7,MISSING,,,
go:2286,https://gateoverflow.in/2286/gate-cse-1993-question-6-5,GATE CSE 1993 | Question: 6.5,MISSING,,,
go:2285,https://gateoverflow.in/2285/gate-cse-1993-question-6-6,GATE CSE 1993 | Question: 6.6,MISSING,,,
go:611,https://gateoverflow.in/611/gate-cse-1993-question-02-7,GATE CSE 1993 | Question: 02.7,MISSING,,,
go:553,https://gateoverflow.in/553/gate-cse-1992-question-01-viii,"GATE CSE 1992 | Question: 01,viii",MISSING,,,
go:552,https://gateoverflow.in/552/gate-cse-1992-question-01-vii,"GATE CSE 1992 | Question: 01,vii",MISSING,,,
go:550,https://gateoverflow.in/550/gate-cse-1992-question-01-v,"GATE CSE 1992 | Question: 01,v",MISSING,,,
go:548,https://gateoverflow.in/548/gate-cse-1992-question-01-iv,GATE CSE 1992 | Question: 01-iv,MISSING,,,
go:547,https://gateoverflow.in/547/gate-cse-1992-question-01-iii,GATE CSE 1992 | Question: 01-iii,MISSING,,,
go:545,https://gateoverflow.in/545/gate-cse-1992-question-01-i,GATE CSE 1992 | Question: 01-i,MISSING,,,
go:525,https://gateoverflow.in/525/gate-cse-1991-question-03-xi,GATE CSE 1991 | Question: 03-xi,MISSING,,,
go:514,https://gateoverflow.in/514/gate-cse-1991-question-02-iv,GATE CSE 1991 | Question: 02-iv,MISSING,,,
go:513,https://gateoverflow.in/513/gate-cse-1991-question-02-iii,GATE CSE 1991 | Question: 02-iii,MISSING,,,
go:510,https://gateoverflow.in/510/gate-cse-1991-question-01-xv,"GATE CSE 1991 | Question: 01,xv",MISSING,,,
go:509,https://gateoverflow.in/509/gate-cse-1991-question-01-xiv,"GATE CSE 1991 | Question: 01,xiv",MISSING,,,
go:508,https://gateoverflow.in/508/gate-cse-1991-question-01-xii,GATE CSE 1991 | Question: 01-xii,MISSING,,,
go:504,https://gateoverflow.in/504/gate-cse-1991-question-1-vi,"GATE CSE 1991 | Question: 1,vi",MISSING,,,
go:503,https://gateoverflow.in/503/gate-cse-1991-question-01-v,GATE CSE 1991 | Question: 01-v,MISSING,,,
go:502,https://gateoverflow.in/502/gate-cse-1991-question-1-ix,"GATE CSE 1991 | Question: 1,ix",MISSING,,,
go:84039,https://gateoverflow.in/84039/gate-cse-1990-question-2-x,GATE CSE 1990 | Question: 2-x,MISSING,,,
go:84033,https://gateoverflow.in/84033/gate-cse-1990-question-2-ix,GATE CSE 1990 | Question: 2-ix,MISSING,,,
go:83993,https://gateoverflow.in/83993/gate-cse-1990-question-2-viii,GATE CSE 1990 | Question: 2-viii,MISSING,,,
go:83980,https://gateoverflow.in/83980/gate-cse-1990-question-2-v,GATE CSE 1990 | Question: 2-v,MISSING,,,
go:83977,https://gateoverflow.in/83977/gate-cse-1990-question-2-iv,GATE CSE 1990 | Question: 2-iv,MISSING,,,
go:83859,https://gateoverflow.in/83859/gate-cse-1990-question-2-iii,GATE CSE 1990 | Question: 2-iii,MISSING,,,
go:83854,https://gateoverflow.in/83854/gate-cse-1990-question-1-viii,GATE CSE 1990 | Question: 1-viii,MISSING,,,
go:83851,https://gateoverflow.in/83851/gate-cse-1990-question-1-vii,GATE CSE 1990 | Question: 1-vii,MISSING,,,
go:83850,https://gateoverflow.in/83850/gate-cse-1990-question-1-vi,GATE CSE 1990 | Question: 1-vi,MISSING,,,
go:83833,https://gateoverflow.in/83833/gate-cse-1990-question-1-v,GATE CSE 1990 | Question: 1-v,MISSING,,,
go:83830,https://gateoverflow.in/83830/gate-cse-1990-question-1-iv-a,GATE CSE 1990 | Question: 1-iv-a,MISSING,,,
go:83829,https://gateoverflow.in/83829/gate-cse-1990-question-1-i,GATE CSE 1990 | Question: 1-i,MISSING,,,
go:87874,https://gateoverflow.in/87874/gate-cse-1989-question-4-i,GATE CSE 1989 | Question: 4-i,MISSING,,,
go:87129,https://gateoverflow.in/87129/gate-cse-1989-question-3-vi,GATE CSE 1989 | Question: 3-vi,MISSING,,,
go:87081,https://gateoverflow.in/87081/gate-cse-1989-question-2-iv,GATE CSE 1989 | Question: 2-iv,MISSING,,,
go:87080,https://gateoverflow.in/87080/gate-cse-1989-question-2-iii,GATE CSE 1989 | Question: 2-iii,MISSING,,,
go:87078,https://gateoverflow.in/87078/gate-cse-1989-question-2-ii,GATE CSE 1989 | Question: 2-ii,MISSING,,,
go:87074,https://gateoverflow.in/87074/gate1987-2-i,GATE1987-2-i,MISSING,,,
go:87053,https://gateoverflow.in/87053/gate-cse-1989-question-1-vi,GATE CSE 1989 | Question: 1-vi,MISSING,,,
go:87051,https://gateoverflow.in/87051/gate-cse-1989-question-1-v,GATE CSE 1989 | Question: 1-v,MISSING,,,
go:87048,https://gateoverflow.in/87048/gate-cse-1989-question-1-iv,GATE CSE 1989 | Question: 1-iv,MISSING,,,
go:87046,https://gateoverflow.in/87046/gate-cse-1989-question-1-iii,GATE CSE 1989 | Question: 1-iii,MISSING,,,
go:94368,https://gateoverflow.in/94368/gate-cse-1988-question-7iii,GATE CSE 1988 | Question: 7iii,MISSING,,,
go:94367,https://gateoverflow.in/94367/gate-cse-1988-question-7ii,GATE CSE 1988 | Question: 7ii,MISSING,,,
go:94366,https://gateoverflow.in/94366/gate-cse-1988-question-7i,GATE CSE 1988 | Question: 7i,MISSING,,,
go:94364,https://gateoverflow.in/94364/gate-cse-1988-question-6ii,GATE CSE 1988 | Question: 6ii,MISSING,,,
go:94363,https://gateoverflow.in/94363/gate-cse-1988-question-6i,GATE CSE 1988 | Question: 6i,MISSING,,,
go:94361,https://gateoverflow.in/94361/gate-cse-1988-question-5i,GATE CSE 1988 | Question: 5i,MISSING,,,
go:94360,https://gateoverflow.in/94360/gate-cse-1988-question-4ii,GATE CSE 1988 | Question: 4ii,MISSING,,,
go:94359,https://gateoverflow.in/94359/gate-cse-1988-question-4i,GATE CSE 1988 | Question: 4i,MISSING,,,
go:94358,https://gateoverflow.in/94358/gate-cse-1988-question-3a-b,GATE CSE 1988 | Question: 3a-b,MISSING,,,
go:94353,https://gateoverflow.in/94353/gate-cse-1988-question-2xviii,GATE CSE 1988 | Question: 2xviii,MISSING,,,
go:94350,https://gateoverflow.in/94350/gate-cse-1988-question-2xvii,GATE CSE 1988 | Question: 2xvii,MISSING,,,
go:94340,https://gateoverflow.in/94340/gate-cse-1988-question-2xvi,GATE CSE 1988 | Question: 2xvi,MISSING,,,
go:93966,https://gateoverflow.in/93966/gate-cse-1988-question-2xii,GATE CSE 1988 | Question: 2xii,MISSING,,,
go:93955,https://gateoverflow.in/93955/gate-cse-1988-question-2xi,GATE CSE 1988 | Question: 2xi,MISSING,,,
go:93953,https://gateoverflow.in/93953/gate-cse-1988-question-2xb,GATE CSE 1988 | Question: 2xb,MISSING,,,
go:93951,https://gateoverflow.in/93951/gate-cse-1988-question-2xa,GATE CSE 1988 | Question: 2xa,MISSING,,,
go:93949,https://gateoverflow.in/93949/gate-cse-1988-question-2ix,GATE CSE 1988 | Question: 2ix,MISSING,,,
go:93948,https://gateoverflow.in/93948/gate-cse-1988-question-2viii,GATE CSE 1988 | Question: 2viii,MISSING,,,
go:93947,https://gateoverflow.in/93947/gate-cse-1988-question-2vii,GATE CSE 1988 | Question: 2vii,MISSING,,,
go:91685,https://gateoverflow.in/91685/gate-cse-1988-question-2-v,GATE CSE 1988 | Question: 2-v,MISSING,,,
go:91679,https://gateoverflow.in/91679/gate-cse-1988-question-2-iii,GATE CSE 1988 | Question: 2-iii,MISSING,,,
go:91676,https://gateoverflow.in/91676/gate-cse-1988-question-2-ii,GATE CSE 1988 | Question: 2-ii,MISSING,,,
go:91351,https://gateoverflow.in/91351/gate-cse-1988-question-1vii,GATE CSE 1988 | Question: 1vii,MISSING,,,
go:80584,https://gateoverflow.in/80584/gate-cse-1987-question-2e,GATE CSE 1987 | Question: 2e,MISSING,,,
go:302793,https://gateoverflow.in/302793/gate-cse-2019-question-55,GATE CSE 2019 | Question: 55,MISSING,,,
go:202867,https://gateoverflow.in/202867/gate-2018,Gate 2018,MISSING,,,
go:189878,https://gateoverflow.in/189878/i-am-getting-low-score-mocks-even-after-preparing-for-months,I am getting a low score mocks even after preparin,MISSING,,,
go:185173,https://gateoverflow.in/185173/enquiry,Enquiry,MISSING,,,
go:159741,https://gateoverflow.in/159741/computer-network,Computer network,MISSING,,,
go:80,https://gateoverflow.in/80/gate-cse-2013-question-47,GATE CSE 2013 | Question: 47,MISSING,,,
go:401,https://gateoverflow.in/401/gate-cse-2008-question-3,GATE CSE 2008 | Question: 3,MISSING,,,
go:1224,https://gateoverflow.in/1224/gate-cse-2007-question-26,GATE CSE 2007 | Question: 26,MISSING,,,
go:3547,https://gateoverflow.in/3547/gate-it-2006-question-8,GATE IT 2006 | Question: 8,MISSING,,,
go:2597,https://gateoverflow.in/2597/gate-cse-1995-question-1-10,GATE CSE 1995 | Question: 1.10,MISSING,,,
go:153546,https://gateoverflow.in/153546/general,General,MISSING,,,
go:422817,https://gateoverflow.in/422817/gate-cse-2024-set-1-question-25,GATE CSE 2024 | Set 1 | Question: 25,MISSING,,,
local:c44fd595de4edd43,https://gateoverflow.in/blog/17024/gate-overflow-test-series-for-gate-cse-2026,GATE Overflow Test Series for GATE CSE 2026,MISSING,,,
local:79b9ddd7f1bfa3ad,https://gateoverflow.in/blog/17969/gate-cse-2026-just-one-day-before-exam,"GATE CSE 2026 , JUST ONE DAY BEFORE EXAM.",MISSING,,,
go:422862,https://gateoverflow.in/422862/gate-cse-2024-set-2-question-35,GATE CSE 2024 | Set 2 | Question: 35,MISSING,,,
go:460051,https://gateoverflow.in/460051/gate-cse-2025-set-1-question-29,GATE CSE 2025 | Set 1 | Question: 29,MISSING,,,
