question_uid,exam_uid,title,link,year,tags,reason
go:399306,cse:2023:set1:main:q6,GATE CSE 2023 | Question: 6,https://gateoverflow.in/399306/gate-cse-2023-question-6,gatecse-2023,gatecse-2023;databases;relational-model;1-mark,no_question_uid_answer_record
go:357439,cse:2021:set1:main:q13,GATE CSE 2021 Set 1 | Question: 13,https://gateoverflow.in/357439/gate-cse-2021-set-1-question-13,gatecse-2021-set1,gatecse-2021-set1;multiple-selects;databases;transaction-and-concurrency;1-mark,no_question_uid_answer_record
go:204115,cse:2018:set1:main:q41,GATE CSE 2018 | Question: 41,https://gateoverflow.in/204115/gate-cse-2018-question-41,gatecse-2018,gatecse-2018;databases;relational-algebra;normal;2-marks,no_question_uid_answer_record
go:118329,cse:2017:set1:main:q46,GATE CSE 2017 Set 1 | Question: 46,https://gateoverflow.in/118329/gate-cse-2017-set-1-question-46,gatecse-2017-set1,gatecse-2017-set1;databases;relational-algebra;normal;numerical-answers,no_question_uid_answer_record
go:388951,cse:2017:set2:main:q33-msq-version,GATE CSE 2017 Set 2 | Question: 33 (MSQ Version),https://gateoverflow.in/388951/gate-cse-2017-set-2-question-33-msq-version,gatecse-2017-set2,gatecse-2017-set2;operating-system;resource-allocation;normal;multiple-selects,no_question_uid_answer_record
go:8246,cse:2015:set2:main:q46,GATE CSE 2015 Set 2 | Question: 46,https://gateoverflow.in/8246/gate-cse-2015-set-2-question-46,gatecse-2015-set2,gatecse-2015-set2;databases;transaction-and-concurrency;normal,no_question_uid_answer_record
go:395812,cse:2014:set2:main:q10-modified,GATE CSE 2014 Set 2 | Question: 10 | Modified,https://gateoverflow.in/395812/gate-cse-2014-set-2-question-10-modified,gatecse-2014-set2,gatecse-2014-set2;algorithms;identify-function;numerical-answers;easy,no_question_uid_answer_record
go:2089,cse:2014:set3:main:q54,GATE CSE 2014 Set 3 | Question: 54,https://gateoverflow.in/2089/gate-cse-2014-set-3-question-54,gatecse-2014-set3,gatecse-2014-set3;databases;sql;easy,no_question_uid_answer_record
go:2064,cse:2014:set3:main:q30,GATE CSE 2014 Set 3 | Question: 30,https://gateoverflow.in/2064/gate-cse-2014-set-3-question-30,gatecse-2014-set3,gatecse-2014-set3;databases;relational-algebra;normal,no_question_uid_answer_record
go:1546,cse:2013:set1:main:q35,GATE CSE 2013 | Question: 35,https://gateoverflow.in/1546/gate-cse-2013-question-35,gatecse-2013,gatecse-2013;databases;sql;relational-calculus;normal,no_question_uid_answer_record
go:2148,cse:2011:set1:main:q46,GATE CSE 2011 | Question: 46,https://gateoverflow.in/2148/gate-cse-2011-question-46,gatecse-2011,gatecse-2011;databases;sql;normal,no_question_uid_answer_record
go:1331,cse:2009:set1:main:q45,GATE CSE 2009 | Question: 45,https://gateoverflow.in/1331/gate-cse-2009-question-45,gatecse-2009,gatecse-2009;databases;relational-calculus;difficult,no_question_uid_answer_record
go:387302,cse:2008:set1:main:q21,GATE 2008 | Question 21,https://gateoverflow.in/387302/gate-2008-question-21,gatecse-2008,gatecse-2008;mathematical-logic;first-order-logic;normal,no_question_uid_answer_record
go:491,cse:2008:set1:main:q68,GATE CSE 2008 | Question: 68,https://gateoverflow.in/491/gate-cse-2008-question-68,gatecse-2008,gatecse-2008;databases;relational-algebra;normal,no_question_uid_answer_record
go:2428,cse:2007:set1:main:q59,GATE CSE 2007 | Question: 59,https://gateoverflow.in/2428/gate-cse-2007-question-59,gatecse-2007,gatecse-2007;databases;relational-algebra;normal,no_question_uid_answer_record
go:1259,cse:2007:set1:main:q61,GATE CSE 2007 | Question: 61,https://gateoverflow.in/1259/gate-cse-2007-question-61,gatecse-2007,gatecse-2007;databases;sql;normal;verbal-aptitude,no_question_uid_answer_record
go:1847,cse:2006:set1:main:q69,GATE CSE 2006 | Question: 69,https://gateoverflow.in/1847/gate-cse-2006-question-69,gatecse-2006,gatecse-2006;databases;sql;normal,no_question_uid_answer_record
go:1846,cse:2006:set1:main:q68,GATE CSE 2006 | Question: 68,https://gateoverflow.in/1846/gate-cse-2006-question-68,gatecse-2006,gatecse-2006;databases;sql;normal,no_question_uid_answer_record
go:1400,cse:2005:set1:main:q77-isro2016-55,"GATE CSE 2005 | Question: 77, ISRO2016-55",https://gateoverflow.in/1400/gate-cse-2005-question-77-isro2016-55,gatecse-2005,gatecse-2005;databases;sql;easy;isro2016,no_question_uid_answer_record
go:1392,cse:2005:set1:main:q69,GATE CSE 2005 | Question: 69,https://gateoverflow.in/1392/gate-cse-2005-question-69,gatecse-2005,gatecse-2005;co-and-architecture;interrupts,no_question_uid_answer_record
go:43575,cse:2003:set1:main:q74,GATE CSE 2003 | Question: 74,https://gateoverflow.in/43575/gate-cse-2003-question-74,gatecse-2003,gatecse-2003;programming;compiler-design;parameter-passing;runtime-environment;normal,no_question_uid_answer_record
go:205818,cse:2002:set1:main:q18-b,GATE CSE 2002 | Question: 18-b,https://gateoverflow.in/205818/gate-cse-2002-question-18-b,gatecse-2002,gatecse-2002;operating-system;process-synchronization;normal;descriptive,no_question_uid_answer_record
go:3915,cse:2002:set1:main:q5b,GATE CSE 2002 | Question: 5b,https://gateoverflow.in/3915/gate-cse-2002-question-5b,gatecse-2002,gatecse-2002;mathematical-logic;easy;descriptive;propositional-logic,no_question_uid_answer_record
go:875,cse:2002:set1:main:q22,GATE CSE 2002 | Question: 22,https://gateoverflow.in/875/gate-cse-2002-question-22,gatecse-2002,gatecse-2002;compiler-design;parsing;normal;descriptive,no_question_uid_answer_record
go:874,cse:2002:set1:main:q21,GATE CSE 2002 | Question: 21,https://gateoverflow.in/874/gate-cse-2002-question-21,gatecse-2002,gatecse-2002;theory-of-computation;finite-automata;normal;descriptive,no_question_uid_answer_record
go:873,cse:2002:set1:main:q20,GATE CSE 2002 | Question: 20,https://gateoverflow.in/873/gate-cse-2002-question-20,gatecse-2002,gatecse-2002;operating-system;process-synchronization;normal;descriptive,no_question_uid_answer_record
go:872,cse:2002:set1:main:q19,GATE CSE 2002 | Question: 19,https://gateoverflow.in/872/gate-cse-2002-question-19,gatecse-2002,gatecse-2002;operating-system;virtual-memory;normal;descriptive,no_question_uid_answer_record
go:871,cse:2002:set1:main:q18-a,GATE CSE 2002 | Question: 18-a,https://gateoverflow.in/871/gate-cse-2002-question-18-a,gatecse-2002,gatecse-2002;operating-system;process-synchronization;normal;descriptive,no_question_uid_answer_record
go:870,cse:2002:set1:main:q17,GATE CSE 2002 | Question: 17,https://gateoverflow.in/870/gate-cse-2002-question-17,gatecse-2002,gatecse-2002;databases;b-tree;normal;descriptive,no_question_uid_answer_record
go:869,cse:2002:set1:main:q16,GATE CSE 2002 | Question: 16,https://gateoverflow.in/869/gate-cse-2002-question-16,gatecse-2002,gatecse-2002;databases;database-normalization;normal;descriptive,no_question_uid_answer_record
go:868,cse:2002:set1:main:q15,GATE CSE 2002 | Question: 15,https://gateoverflow.in/868/gate-cse-2002-question-15,gatecse-2002,gatecse-2002;databases;normal;descriptive;relational-algebra;sql,no_question_uid_answer_record
go:867,cse:2002:set1:main:q14,GATE CSE 2002 | Question: 14,https://gateoverflow.in/867/gate-cse-2002-question-14,gatecse-2002,gatecse-2002;theory-of-computation;decidability;normal;turing-machine;descriptive;difficult,no_question_uid_answer_record
go:866,cse:2002:set1:main:q13,GATE CSE 2002 | Question: 13,https://gateoverflow.in/866/gate-cse-2002-question-13,gatecse-2002,gatecse-2002;combinatory;normal;descriptive;balls-in-bins,no_question_uid_answer_record
go:864,cse:2002:set1:main:q11,GATE CSE 2002 | Question: 11,https://gateoverflow.in/864/gate-cse-2002-question-11,gatecse-2002,gatecse-2002;programming;recursion;descriptive,no_question_uid_answer_record
go:863,cse:2002:set1:main:q10,GATE CSE 2002 | Question: 10,https://gateoverflow.in/863/gate-cse-2002-question-10,gatecse-2002,gatecse-2002;co-and-architecture;cache-memory;normal;descriptive,no_question_uid_answer_record
go:862,cse:2002:set1:main:q9,GATE CSE 2002 | Question: 9,https://gateoverflow.in/862/gate-cse-2002-question-9,gatecse-2002,gatecse-2002;digital-logic;number-representation;normal;descriptive,no_question_uid_answer_record
go:861,cse:2002:set1:main:q8,GATE CSE 2002 | Question: 8,https://gateoverflow.in/861/gate-cse-2002-question-8,gatecse-2002,gatecse-2002;digital-logic;normal;descriptive;digital-counter,no_question_uid_answer_record
go:860,cse:2002:set1:main:q7,GATE CSE 2002 | Question: 7,https://gateoverflow.in/860/gate-cse-2002-question-7,gatecse-2002,gatecse-2002;digital-logic;normal;descriptive;digital-circuits,no_question_uid_answer_record
go:859,cse:2002:set1:main:q6,GATE CSE 2002 | Question: 6,https://gateoverflow.in/859/gate-cse-2002-question-6,gatecse-2002,gatecse-2002;data-structures;binary-tree;easy;descriptive,no_question_uid_answer_record
go:858,cse:2002:set1:main:q5a,GATE CSE 2002 | Question: 5a,https://gateoverflow.in/858/gate-cse-2002-question-5a,gatecse-2002,gatecse-2002;linear-algebra;eigen-value;normal;descriptive,no_question_uid_answer_record
go:857,cse:2002:set1:main:q4,GATE CSE 2002 | Question: 4,https://gateoverflow.in/857/gate-cse-2002-question-4,gatecse-2002,gatecse-2002;set-theory&algebra;normal;lattice;descriptive,no_question_uid_answer_record
go:856,cse:2002:set1:main:q3,GATE CSE 2002 | Question: 3,https://gateoverflow.in/856/gate-cse-2002-question-3,gatecse-2002,gatecse-2002;set-theory&algebra;normal;descriptive;relations,no_question_uid_answer_record
go:203574,cse:2001:set1:main:q21-b,GATE CSE 2001 | Question: 21-b,https://gateoverflow.in/203574/gate-cse-2001-question-21-b,gatecse-2001,gatecse-2001;databases;sql;normal;descriptive,no_question_uid_answer_record
go:203573,cse:2001:set1:main:q21-c,GATE CSE 2001 | Question: 21-c,https://gateoverflow.in/203573/gate-cse-2001-question-21-c,gatecse-2001,gatecse-2001;databases;sql;normal;descriptive,no_question_uid_answer_record
go:763,cse:2001:set1:main:q22,GATE CSE 2001 | Question: 22,https://gateoverflow.in/763/gate-cse-2001-question-22,gatecse-2001,gatecse-2001;databases;b-tree;normal;descriptive,no_question_uid_answer_record
go:762,cse:2001:set1:main:q21-a,GATE CSE 2001 | Question: 21-a,https://gateoverflow.in/762/gate-cse-2001-question-21-a,gatecse-2001,gatecse-2001;databases;sql;normal;descriptive,no_question_uid_answer_record
go:760,cse:2001:set1:main:q19,GATE CSE 2001 | Question: 19,https://gateoverflow.in/760/gate-cse-2001-question-19,gatecse-2001,gatecse-2001;operating-system;resource-allocation;normal;descriptive,no_question_uid_answer_record
go:759,cse:2001:set1:main:q18,GATE CSE 2001 | Question: 18,https://gateoverflow.in/759/gate-cse-2001-question-18,gatecse-2001,gatecse-2001;compiler-design;grammar;descriptive,no_question_uid_answer_record
go:758,cse:2001:set1:main:q17,GATE CSE 2001 | Question: 17,https://gateoverflow.in/758/gate-cse-2001-question-17,gatecse-2001,gatecse-2001;compiler-design;syntax-directed-translation;normal;descriptive,no_question_uid_answer_record
go:757,cse:2001:set1:main:q16,GATE CSE 2001 | Question: 16,https://gateoverflow.in/757/gate-cse-2001-question-16,gatecse-2001,gatecse-2001;compiler-design;parsing;normal;descriptive,no_question_uid_answer_record
go:755,cse:2001:set1:main:q14,GATE CSE 2001 | Question: 14,https://gateoverflow.in/755/gate-cse-2001-question-14,gatecse-2001,gatecse-2001;data-structures;binary-search-tree;normal;descriptive,no_question_uid_answer_record
go:754,cse:2001:set1:main:q13,GATE CSE 2001 | Question: 13,https://gateoverflow.in/754/gate-cse-2001-question-13,gatecse-2001,gatecse-2001;programming;recursion;normal;descriptive,no_question_uid_answer_record
go:753,cse:2001:set1:main:q12,GATE CSE 2001 | Question: 12,https://gateoverflow.in/753/gate-cse-2001-question-12,gatecse-2001,gatecse-2001;co-and-architecture;pipelining;normal;descriptive,no_question_uid_answer_record
go:752,cse:2001:set1:main:q11,GATE CSE 2001 | Question: 11,https://gateoverflow.in/752/gate-cse-2001-question-11,gatecse-2001,gatecse-2001;digital-logic;normal;descriptive;flip-flop,no_question_uid_answer_record
go:751,cse:2001:set1:main:q10,GATE CSE 2001 | Question: 10,https://gateoverflow.in/751/gate-cse-2001-question-10,gatecse-2001,gatecse-2001;digital-logic;normal;descriptive;min-sum-of-products-form,no_question_uid_answer_record
go:750,cse:2001:set1:main:q9,GATE CSE 2001 | Question: 9,https://gateoverflow.in/750/gate-cse-2001-question-9,gatecse-2001,gatecse-2001;co-and-architecture;cache-memory;normal;descriptive,no_question_uid_answer_record
go:748,cse:2001:set1:main:q7,GATE CSE 2001 | Question: 7,https://gateoverflow.in/748/gate-cse-2001-question-7,gatecse-2001,gatecse-2001;theory-of-computation;decidability;turing-machine;easy;descriptive,no_question_uid_answer_record
go:747,cse:2001:set1:main:q6,GATE CSE 2001 | Question: 6,https://gateoverflow.in/747/gate-cse-2001-question-6,gatecse-2001,gatecse-2001;theory-of-computation;normal;pushdown-automata;descriptive,no_question_uid_answer_record
go:746,cse:2001:set1:main:q5,GATE CSE 2001 | Question: 5,https://gateoverflow.in/746/gate-cse-2001-question-5,gatecse-2001,gatecse-2001;theory-of-computation;easy;descriptive;finite-automata;normal,no_question_uid_answer_record
go:745,cse:2001:set1:main:q4,GATE CSE 2001 | Question: 4,https://gateoverflow.in/745/gate-cse-2001-question-4,gatecse-2001,gatecse-2001;functions;set-theory&algebra;normal;descriptive,no_question_uid_answer_record
go:744,cse:2001:set1:main:q3,GATE CSE 2001 | Question: 3,https://gateoverflow.in/744/gate-cse-2001-question-3,gatecse-2001,gatecse-2001;set-theory&algebra;normal;set-theory;descriptive,no_question_uid_answer_record
go:742,cse:2001:set1:main:q2-24,GATE CSE 2001 | Question: 2.24,https://gateoverflow.in/742/gate-cse-2001-question-2-24,gatecse-2001,gatecse-2001;relational-calculus;normal;databases,no_question_uid_answer_record
go:693,cse:2000:set1:main:q22,GATE CSE 2000 | Question: 22,https://gateoverflow.in/693/gate-cse-2000-question-22,gatecse-2000,gatecse-2000;databases;sql;normal;descriptive,no_question_uid_answer_record
go:692,cse:2000:set1:main:q21,GATE CSE 2000 | Question: 21,https://gateoverflow.in/692/gate-cse-2000-question-21,gatecse-2000,gatecse-2000;databases;b-tree;normal;descriptive,no_question_uid_answer_record
go:691,cse:2000:set1:main:q20,GATE CSE 2000 | Question: 20,https://gateoverflow.in/691/gate-cse-2000-question-20,gatecse-2000,gatecse-2000;operating-system;process-synchronization;normal;descriptive,no_question_uid_answer_record
go:690,cse:2000:set1:main:q19,GATE CSE 2000 | Question: 19,https://gateoverflow.in/690/gate-cse-2000-question-19,gatecse-2000,gatecse-2000;compiler-design;syntax-directed-translation;normal;descriptive,no_question_uid_answer_record
go:687,cse:2000:set1:main:q16,GATE CSE 2000 | Question: 16,https://gateoverflow.in/687/gate-cse-2000-question-16,gatecse-2000,gatecse-2000;algorithms;normal;descriptive;recursion,no_question_uid_answer_record
go:686,cse:2000:set1:main:q15,GATE CSE 2000 | Question: 15,https://gateoverflow.in/686/gate-cse-2000-question-15,gatecse-2000,gatecse-2000;data-structures;array;easy;descriptive,no_question_uid_answer_record
go:685,cse:2000:set1:main:q14,GATE CSE 2000 | Question: 14,https://gateoverflow.in/685/gate-cse-2000-question-14,gatecse-2000,gatecse-2000;descriptive,no_question_uid_answer_record
go:684,cse:2000:set1:main:q13,GATE CSE 2000 | Question: 13,https://gateoverflow.in/684/gate-cse-2000-question-13,gatecse-2000,gatecse-2000;data-structures;stack;normal;descriptive,no_question_uid_answer_record
go:683,cse:2000:set1:main:q12,GATE CSE 2000 | Question: 12,https://gateoverflow.in/683/gate-cse-2000-question-12,gatecse-2000,gatecse-2000;co-and-architecture;pipelining;normal;descriptive,no_question_uid_answer_record
go:680,cse:2000:set1:main:q9,GATE CSE 2000 | Question: 9,https://gateoverflow.in/680/gate-cse-2000-question-9,gatecse-2000,gatecse-2000;digital-logic;min-no-gates;descriptive,no_question_uid_answer_record
go:679,cse:2000:set1:main:q8,GATE CSE 2000 | Question: 8,https://gateoverflow.in/679/gate-cse-2000-question-8,gatecse-2000,gatecse-2000;theory-of-computation;descriptive;pushdown-automata,no_question_uid_answer_record
go:678,cse:2000:set1:main:q7,GATE CSE 2000 | Question: 7,https://gateoverflow.in/678/gate-cse-2000-question-7,gatecse-2000,gatecse-2000;theory-of-computation;descriptive;regular-language;context-free-language,no_question_uid_answer_record
go:677,cse:2000:set1:main:q6,GATE CSE 2000 | Question: 6,https://gateoverflow.in/677/gate-cse-2000-question-6,gatecse-2000,gatecse-2000;set-theory&algebra;normal;descriptive;set-theory,no_question_uid_answer_record
go:676,cse:2000:set1:main:q5,GATE CSE 2000 | Question: 5,https://gateoverflow.in/676/gate-cse-2000-question-5,gatecse-2000,gatecse-2000;combinatory;normal;descriptive,no_question_uid_answer_record
go:675,cse:2000:set1:main:q4,GATE CSE 2000 | Question: 4,https://gateoverflow.in/675/gate-cse-2000-question-4,gatecse-2000,gatecse-2000;set-theory&algebra;descriptive;group-theory,no_question_uid_answer_record
go:674,cse:2000:set1:main:q3,GATE CSE 2000 | Question: 3,https://gateoverflow.in/674/gate-cse-2000-question-3,gatecse-2000,gatecse-2000;set-theory&algebra;mathematical-induction;descriptive,no_question_uid_answer_record
go:673,cse:2000:set1:main:q2-26,GATE CSE 2000 | Question: 2.26,https://gateoverflow.in/673/gate-cse-2000-question-2-26,gatecse-2000,gatecse-2000;databases;sql;normal,no_question_uid_answer_record
go:205817,cse:1999:set1:main:q20-b,GATE CSE 1999 | Question: 20-b,https://gateoverflow.in/205817/gate-cse-1999-question-20-b,gate1999,gate1999;operating-system;process-synchronization;normal;descriptive,no_question_uid_answer_record
go:203572,cse:1999:set1:main:q22-b,GATE CSE 1999 | Question: 22-b,https://gateoverflow.in/203572/gate-cse-1999-question-22-b,gate1999,gate1999;databases;sql;descriptive;easy,no_question_uid_answer_record
go:93575,cse:1999:set1:main:q11b,GATE CSE 1999 | Question: 11b,https://gateoverflow.in/93575/gate-cse-1999-question-11b,gate1999,gate1999;data-structures;linked-list;descriptive,no_question_uid_answer_record
go:1522,cse:1999:set1:main:q3,GATE CSE 1999 | Question: 3,https://gateoverflow.in/1522/gate-cse-1999-question-3,gate1999,gate1999;set-theory&algebra;relations;normal;descriptive,no_question_uid_answer_record
go:1521,cse:1999:set1:main:q22-a,GATE CSE 1999 | Question: 22-a,https://gateoverflow.in/1521/gate-cse-1999-question-22-a,gate1999,gate1999;databases;sql;easy;descriptive,no_question_uid_answer_record
go:1520,cse:1999:set1:main:q21,GATE CSE 1999 | Question: 21,https://gateoverflow.in/1520/gate-cse-1999-question-21,gate1999,gate1999;databases;b-tree;normal;descriptive,no_question_uid_answer_record
go:1519,cse:1999:set1:main:q20-a,GATE CSE 1999 | Question: 20-a,https://gateoverflow.in/1519/gate-cse-1999-question-20-a,gate1999,gate1999;operating-system;process-synchronization;normal;descriptive,no_question_uid_answer_record
go:1518,cse:1999:set1:main:q19,GATE CSE 1999 | Question: 19,https://gateoverflow.in/1518/gate-cse-1999-question-19,gate1999,gate1999;operating-system;virtual-memory;normal;descriptive,no_question_uid_answer_record
go:1516,cse:1999:set1:main:q17,GATE CSE 1999 | Question: 17,https://gateoverflow.in/1516/gate-cse-1999-question-17,gate1999,gate1999;co-and-architecture;machine-instructions;normal;descriptive,no_question_uid_answer_record
go:1514,cse:1999:set1:main:q15,GATE CSE 1999 | Question: 15,https://gateoverflow.in/1514/gate-cse-1999-question-15,gate1999,gate1999;parameter-passing;normal;runtime-environment;descriptive,no_question_uid_answer_record
go:1513,cse:1999:set1:main:q14,GATE CSE 1999 | Question: 14,https://gateoverflow.in/1513/gate-cse-1999-question-14,gate1999,gate1999;mathematical-logic;normal;propositional-logic;proof;descriptive,no_question_uid_answer_record
go:1511,cse:1999:set1:main:q12,GATE CSE 1999 | Question: 12,https://gateoverflow.in/1511/gate-cse-1999-question-12,gate1999,gate1999;data-structures;heap;normal;descriptive,no_question_uid_answer_record
go:1510,cse:1999:set1:main:q11a,GATE CSE 1999 | Question: 11a,https://gateoverflow.in/1510/gate-cse-1999-question-11a,gate1999,gate1999;algorithms;time-complexity;normal;descriptive,no_question_uid_answer_record
go:1509,cse:1999:set1:main:q10,GATE CSE 1999 | Question: 10,https://gateoverflow.in/1509/gate-cse-1999-question-10,gate1999,gate1999;theory-of-computation;descriptive;decidability,no_question_uid_answer_record
go:1507,cse:1999:set1:main:q8,GATE CSE 1999 | Question: 8,https://gateoverflow.in/1507/gate-cse-1999-question-8,gate1999,gate1999;algorithms;sorting;normal;descriptive,no_question_uid_answer_record
go:1506,cse:1999:set1:main:q7,GATE CSE 1999 | Question: 7,https://gateoverflow.in/1506/gate-cse-1999-question-7,gate1999,gate1999;theory-of-computation;context-free-language;normal;proof,no_question_uid_answer_record
go:1505,cse:1999:set1:main:q6,GATE CSE 1999 | Question: 6,https://gateoverflow.in/1505/gate-cse-1999-question-6,gate1999,gate1999;theory-of-computation;normal;regular-language;descriptive,no_question_uid_answer_record
go:1504,cse:1999:set1:main:q5,GATE CSE 1999 | Question: 5,https://gateoverflow.in/1504/gate-cse-1999-question-5,gate1999,gate1999;graph-theory;graph-connectivity;normal;descriptive;proof,no_question_uid_answer_record
go:1503,cse:1999:set1:main:q4,GATE CSE 1999 | Question: 4,https://gateoverflow.in/1503/gate-cse-1999-question-4,gate1999,gate1999;set-theory&algebra;group-theory;descriptive;proof,no_question_uid_answer_record
go:1498,cse:1999:set1:main:q2-21,GATE CSE 1999 | Question: 2.21,https://gateoverflow.in/1498/gate-cse-1999-question-2-21,gate1999,gate1999;algorithms;recurrence-relation;asymptotic-notations;normal,no_question_uid_answer_record
go:232729,cse:1998:set1:main:q10b,GATE CSE 1998 | Question: 10b,https://gateoverflow.in/232729/gate-cse-1998-question-10b,gate1998,gate1998;descriptive;set-theory&algebra;relations,no_question_uid_answer_record
go:41055,cse:1998:set1:main:q25b,GATE CSE 1998 | Question: 25b,https://gateoverflow.in/41055/gate-cse-1998-question-25b,gate1998,gate1998;operating-system;disk;descriptive,no_question_uid_answer_record
go:15708,cse:1998:set1:main:q19b,GATE CSE 1998 | Question: 19b,https://gateoverflow.in/15708/gate-cse-1998-question-19b,gate1998,gate1998;stack;infix-prefix;descriptive,no_question_uid_answer_record
go:2941,cse:1998:set1:main:q3b,GATE CSE 1998 | Question: 3b,https://gateoverflow.in/2941/gate-cse-1998-question-3b,gate1998,gate1998;theory-of-computation;regular-expression;easy;descriptive,no_question_uid_answer_record
go:1742,cse:1998:set1:main:q27,GATE CSE 1998 | Question: 27,https://gateoverflow.in/1742/gate-cse-1998-question-27,gate1998,gate1998;databases;relational-algebra;normal;descriptive,no_question_uid_answer_record
go:1741,cse:1998:set1:main:q26,GATE CSE 1998 | Question: 26,https://gateoverflow.in/1741/gate-cse-1998-question-26,gate1998,gate1998;databases;database-normalization;normal;descriptive,no_question_uid_answer_record
go:1740,cse:1998:set1:main:q25-a,GATE CSE 1998 | Question: 25-a,https://gateoverflow.in/1740/gate-cse-1998-question-25-a,gate1998,gate1998;operating-system;disk;descriptive,no_question_uid_answer_record
go:1739,cse:1998:set1:main:q24,GATE CSE 1998 | Question: 24,https://gateoverflow.in/1739/gate-cse-1998-question-24,gate1998,gate1998;operating-system;process-scheduling;descriptive,no_question_uid_answer_record
go:1738,cse:1998:set1:main:q23,GATE CSE 1998 | Question: 23,https://gateoverflow.in/1738/gate-cse-1998-question-23,gate1998,gate1998;compiler-design;syntax-directed-translation;normal;descriptive,no_question_uid_answer_record
go:1737,cse:1998:set1:main:q22,GATE CSE 1998 | Question: 22,https://gateoverflow.in/1737/gate-cse-1998-question-22,gate1998,gate1998;compiler-design;parsing;descriptive,no_question_uid_answer_record
go:1735,cse:1998:set1:main:q21,GATE CSE 1998 | Question: 21,https://gateoverflow.in/1735/gate-cse-1998-question-21,gate1998,gate1998;data-structures;tree;descriptive;numerical-answers,no_question_uid_answer_record
go:1734,cse:1998:set1:main:q20,GATE CSE 1998 | Question: 20,https://gateoverflow.in/1734/gate-cse-1998-question-20,gate1998,gate1998;data-structures;binary-tree;descriptive,no_question_uid_answer_record
go:1733,cse:1998:set1:main:q19a,GATE CSE 1998 | Question: 19a,https://gateoverflow.in/1733/gate-cse-1998-question-19a,gate1998,gate1998;data-structures;linked-list;normal;descriptive,no_question_uid_answer_record
go:1732,cse:1998:set1:main:q18,GATE CSE 1998 | Question: 18,https://gateoverflow.in/1732/gate-cse-1998-question-18,gate1998,gate1998;co-and-architecture;cache-memory;descriptive,no_question_uid_answer_record
go:1730,cse:1998:set1:main:q16,GATE CSE 1998 | Question: 16,https://gateoverflow.in/1730/gate-cse-1998-question-16,gate1998,gate1998;digital-logic;normal;descriptive;synchronous-asynchronous-circuits,no_question_uid_answer_record
go:1728,cse:1998:set1:main:q14,GATE CSE 1998 | Question: 14,https://gateoverflow.in/1728/gate-cse-1998-question-14,gate1998,gate1998;compiler-design;grammar;descriptive,no_question_uid_answer_record
go:1727,cse:1998:set1:main:q13,GATE CSE 1998 | Question: 13,https://gateoverflow.in/1727/gate-cse-1998-question-13,gate1998,gate1998;theory-of-computation;pushdown-automata;descriptive,no_question_uid_answer_record
go:1726,cse:1998:set1:main:q12,GATE CSE 1998 | Question: 12,https://gateoverflow.in/1726/gate-cse-1998-question-12,gate1998,gate1998;set-theory&algebra;group-theory;descriptive,no_question_uid_answer_record
go:1725,cse:1998:set1:main:q11,GATE CSE 1998 | Question: 11,https://gateoverflow.in/1725/gate-cse-1998-question-11,gate1998,gate1998;set-theory&algebra;normal;partial-order;descriptive,no_question_uid_answer_record
go:1724,cse:1998:set1:main:q10a,GATE CSE 1998 | Question: 10a,https://gateoverflow.in/1724/gate-cse-1998-question-10a,gate1998,gate1998;set-theory&algebra;descriptive;relations,no_question_uid_answer_record
go:1723,cse:1998:set1:main:q9,GATE CSE 1998 | Question: 9,https://gateoverflow.in/1723/gate-cse-1998-question-9,gate1998,gate1998;linear-algebra;system-of-equations;descriptive,no_question_uid_answer_record
go:1722,cse:1998:set1:main:q8,GATE CSE 1998 | Question: 8,https://gateoverflow.in/1722/gate-cse-1998-question-8,gate1998,gate1998;calculus;maxima-minima;integration;normal;descriptive,no_question_uid_answer_record
go:1721,cse:1998:set1:main:q7-a,GATE CSE 1998 | Question: 7-a,https://gateoverflow.in/1721/gate-cse-1998-question-7-a,gate1998,gate1998;databases;sql;descriptive,no_question_uid_answer_record
go:1697,cse:1998:set1:main:q6b,GATE CSE 1998 | Question: 6b,https://gateoverflow.in/1697/gate-cse-1998-question-6b,gate1998,gate1998;compiler-design;grammar;descriptive,no_question_uid_answer_record
go:1696,cse:1998:set1:main:q5,GATE CSE 1998 | Question: 5,https://gateoverflow.in/1696/gate-cse-1998-question-5,gate1998,gate1998;digital-logic;functional-completeness;descriptive,no_question_uid_answer_record
go:1695,cse:1998:set1:main:q4,GATE CSE 1998 | Question: 4,https://gateoverflow.in/1695/gate-cse-1998-question-4,gate1998,gate1998;theory-of-computation;finite-automata;normal;minimal-state-automata;descriptive,no_question_uid_answer_record
go:203570,cse:1997:set1:main:q76-b,GATE CSE 1997 | Question: 76-b,https://gateoverflow.in/203570/gate-cse-1997-question-76-b,gate1997,gate1997;databases;sql;descriptive;normal,no_question_uid_answer_record
go:19838,cse:1997:set1:main:q76-a,GATE CSE 1997 | Question: 76-a,https://gateoverflow.in/19838/gate-cse-1997-question-76-a,gate1997,gate1997;databases;sql;relational-algebra;descriptive,no_question_uid_answer_record
go:19705,cse:1997:set1:main:q75,GATE CSE 1997 | Question: 75,https://gateoverflow.in/19705/gate-cse-1997-question-75,gate1997,gate1997;operating-system;resource-allocation;normal;descriptive,no_question_uid_answer_record
go:19703,cse:1997:set1:main:q73,GATE CSE 1997 | Question: 73,https://gateoverflow.in/19703/gate-cse-1997-question-73,gate1997,gate1997;operating-system;process-synchronization;descriptive,no_question_uid_answer_record
go:19702,cse:1997:set1:main:q72,GATE CSE 1997 | Question: 72,https://gateoverflow.in/19702/gate-cse-1997-question-72,gate1997,gate1997;digital-logic;floating-point-representation;normal;descriptive,no_question_uid_answer_record
go:19700,cse:1997:set1:main:q70,GATE CSE 1997 | Question: 70,https://gateoverflow.in/19700/gate-cse-1997-question-70,gate1997,gate1997;theory-of-computation;minimal-state-automata;descriptive,no_question_uid_answer_record
go:2283,cse:1997:set1:main:q23,GATE CSE 1997 | Question: 23,https://gateoverflow.in/2283/gate-cse-1997-question-23,gate1997,gate1997;compiler-design;syntax-directed-translation;normal;descriptive;unsolved,no_question_uid_answer_record
go:2281,cse:1997:set1:main:q21,GATE CSE 1997 | Question: 21,https://gateoverflow.in/2281/gate-cse-1997-question-21,gate1997,gate1997;theory-of-computation;finite-automata;proof,no_question_uid_answer_record
go:2280,cse:1997:set1:main:q20,GATE CSE 1997 | Question: 20,https://gateoverflow.in/2280/gate-cse-1997-question-20,gate1997,gate1997;theory-of-computation;finite-automata;normal;minimal-state-automata;descriptive,no_question_uid_answer_record
go:2279,cse:1997:set1:main:q19,GATE CSE 1997 | Question: 19,https://gateoverflow.in/2279/gate-cse-1997-question-19,gate1997,gate1997;databases;b-tree;normal;descriptive,no_question_uid_answer_record
go:2278,cse:1997:set1:main:q18,GATE CSE 1997 | Question: 18,https://gateoverflow.in/2278/gate-cse-1997-question-18,gate1997,gate1997;data-structures;linked-list;normal;descriptive,no_question_uid_answer_record
go:2277,cse:1997:set1:main:q17,GATE CSE 1997 | Question: 17,https://gateoverflow.in/2277/gate-cse-1997-question-17,gate1997,gate1997;data-structures;array;normal;descriptive,no_question_uid_answer_record
go:2276,cse:1997:set1:main:q16,GATE CSE 1997 | Question: 16,https://gateoverflow.in/2276/gate-cse-1997-question-16,gate1997,gate1997;data-structures;binary-tree;normal;descriptive;proof,no_question_uid_answer_record
go:2274,cse:1997:set1:main:q14,GATE CSE 1997 | Question: 14,https://gateoverflow.in/2274/gate-cse-1997-question-14,gate1997,gate1997;set-theory&algebra;relations;normal;proof;descriptive,no_question_uid_answer_record
go:2273,cse:1997:set1:main:q13,GATE CSE 1997 | Question: 13,https://gateoverflow.in/2273/gate-cse-1997-question-13,gate1997,gate1997;set-theory&algebra;functions;normal;descriptive,no_question_uid_answer_record
go:2272,cse:1997:set1:main:q12,GATE CSE 1997 | Question: 12,https://gateoverflow.in/2272/gate-cse-1997-question-12,gate1997,gate1997;data-structures;hashing;probability;normal;descriptive,no_question_uid_answer_record
go:2271,cse:1997:set1:main:q11,GATE CSE 1997 | Question: 11,https://gateoverflow.in/2271/gate-cse-1997-question-11,gate1997,gate1997;compiler-design;grammar;normal;theory-of-computation;descriptive,no_question_uid_answer_record
go:203691,cse:1996:set1:main:q24-b,GATE CSE 1996 | Question: 24-b,https://gateoverflow.in/203691/gate-cse-1996-question-24-b,gate1996,gate1996;normal;digital-logic;circuit-output;descriptive,no_question_uid_answer_record
go:2779,cse:1996:set1:main:q27,GATE CSE 1996 | Question: 27,https://gateoverflow.in/2779/gate-cse-1996-question-27,gate1996,gate1996;databases;relational-algebra;descriptive,no_question_uid_answer_record
go:2776,cse:1996:set1:main:q24-a,GATE CSE 1996 | Question: 24-a,https://gateoverflow.in/2776/gate-cse-1996-question-24-a,gate1996,gate1996;digital-logic;circuit-output;normal;descriptive,no_question_uid_answer_record
go:2775,cse:1996:set1:main:q23,GATE CSE 1996 | Question: 23,https://gateoverflow.in/2775/gate-cse-1996-question-23,gate1996,gate1996;operating-system;disk;normal;file-system;descriptive,no_question_uid_answer_record
go:2774,cse:1996:set1:main:q22,GATE CSE 1996 | Question: 22,https://gateoverflow.in/2774/gate-cse-1996-question-22,gate1996,gate1996;operating-system;resource-allocation;normal;descriptive,no_question_uid_answer_record
go:2773,cse:1996:set1:main:q21,GATE CSE 1996 | Question: 21,https://gateoverflow.in/2773/gate-cse-1996-question-21,gate1996,gate1996;operating-system;process-synchronization;normal;descriptive,no_question_uid_answer_record
go:2772,cse:1996:set1:main:q20,GATE CSE 1996 | Question: 20,https://gateoverflow.in/2772/gate-cse-1996-question-20,gate1996,gate1996;compiler-design;syntax-directed-translation;normal;descriptive,no_question_uid_answer_record
go:2769,cse:1996:set1:main:q17,GATE CSE 1996 | Question: 17,https://gateoverflow.in/2769/gate-cse-1996-question-17,gate1996,gate1996;algorithms;graph-algorithms;normal;descriptive,no_question_uid_answer_record
go:2768,cse:1996:set1:main:q16,GATE CSE 1996 | Question: 16,https://gateoverflow.in/2768/gate-cse-1996-question-16,gate1996,gate1996;algorithms;graph-algorithms;spanning-tree;normal;descriptive,no_question_uid_answer_record
go:2767,cse:1996:set1:main:q15,GATE CSE 1996 | Question: 15,https://gateoverflow.in/2767/gate-cse-1996-question-15,gate1996,gate1996;data-structures;hashing;normal;descriptive,no_question_uid_answer_record
go:2765,cse:1996:set1:main:q13,GATE CSE 1996 | Question: 13,https://gateoverflow.in/2765/gate-cse-1996-question-13,gate1996,gate1996;theory-of-computation;pushdown-automata;normal;descriptive,no_question_uid_answer_record
go:2764,cse:1996:set1:main:q12,GATE CSE 1996 | Question: 12,https://gateoverflow.in/2764/gate-cse-1996-question-12,gate1996,gate1996;theory-of-computation;finite-automata;normal;descriptive,no_question_uid_answer_record
go:2763,cse:1996:set1:main:q11,GATE CSE 1996 | Question: 11,https://gateoverflow.in/2763/gate-cse-1996-question-11,gate1996,gate1996;compiler-design;grammar;normal;descriptive,no_question_uid_answer_record
go:2762,cse:1996:set1:main:q10,GATE CSE 1996 | Question: 10,https://gateoverflow.in/2762/gate-cse-1996-question-10,gate1996,gate1996;linear-algebra;matrix;normal;descriptive,no_question_uid_answer_record
go:2761,cse:1996:set1:main:q9,GATE CSE 1996 | Question: 9,https://gateoverflow.in/2761/gate-cse-1996-question-9,gate1996,gate1996;recurrence-relation;proof;descriptive,no_question_uid_answer_record
go:2760,cse:1996:set1:main:q8,GATE CSE 1996 | Question: 8,https://gateoverflow.in/2760/gate-cse-1996-question-8,gate1996,gate1996;set-theory&algebra;relations;functions;normal;descriptive,no_question_uid_answer_record
go:2759,cse:1996:set1:main:q7,GATE CSE 1996 | Question: 7,https://gateoverflow.in/2759/gate-cse-1996-question-7,gate1996,gate1996;operating-system;virtual-memory;normal;descriptive,no_question_uid_answer_record
go:2757,cse:1996:set1:main:q5,GATE CSE 1996 | Question: 5,https://gateoverflow.in/2757/gate-cse-1996-question-5,gate1996,gate1996;digital-logic;normal;digital-circuits;descriptive,no_question_uid_answer_record
go:2756,cse:1996:set1:main:q4,GATE CSE 1996 | Question: 4,https://gateoverflow.in/2756/gate-cse-1996-question-4,gate1996,gate1996;data-structures;binary-search-tree;normal;descriptive,no_question_uid_answer_record
go:2755,cse:1996:set1:main:q3,GATE CSE 1996 | Question: 3,https://gateoverflow.in/2755/gate-cse-1996-question-3,gate1996,gate1996;calculus;continuity;differentiation;normal;descriptive,no_question_uid_answer_record
go:203837,cse:1995:set1:main:q15-b,GATE CSE 1995 | Question: 15-b,https://gateoverflow.in/203837/gate-cse-1995-question-15-b,gate1995,gate1995;digital-logic;boolean-algebra;k-map;normal;descriptive,no_question_uid_answer_record
go:2667,cse:1995:set1:main:q6,GATE CSE 1995 | Question: 6,https://gateoverflow.in/2667/gate-cse-1995-question-6,gate1995,gate1995;data-structures;binary-tree;normal;descriptive,no_question_uid_answer_record
go:2666,cse:1995:set1:main:q27,GATE CSE 1995 | Question: 27,https://gateoverflow.in/2666/gate-cse-1995-question-27,gate1995,gate1995;databases;relational-algebra;normal;descriptive,no_question_uid_answer_record
go:2665,cse:1995:set1:main:q26,GATE CSE 1995 | Question: 26,https://gateoverflow.in/2665/gate-cse-1995-question-26,gate1995,gate1995;databases;database-normalization;normal;descriptive,no_question_uid_answer_record
go:2663,cse:1995:set1:main:q24,GATE CSE 1995 | Question: 24,https://gateoverflow.in/2663/gate-cse-1995-question-24,gate1995,gate1995;graph-theory;degree-of-graph;proof;descriptive,no_question_uid_answer_record
go:2661,cse:1995:set1:main:q23,GATE CSE 1995 | Question: 23,https://gateoverflow.in/2661/gate-cse-1995-question-23,gate1995,gate1995;set-theory&algebra;proof;mathematical-induction;descriptive,no_question_uid_answer_record
go:2660,cse:1995:set1:main:q22,GATE CSE 1995 | Question: 22,https://gateoverflow.in/2660/gate-cse-1995-question-22,gate1995,gate1995;algorithms;graph-algorithms;spanning-tree;easy;descriptive,no_question_uid_answer_record
go:2659,cse:1995:set1:main:q21,GATE CSE 1995 | Question: 21,https://gateoverflow.in/2659/gate-cse-1995-question-21,gate1995,gate1995;set-theory&algebra;group-theory;normal;descriptive;proof,no_question_uid_answer_record
go:2658,cse:1995:set1:main:q20,GATE CSE 1995 | Question: 20,https://gateoverflow.in/2658/gate-cse-1995-question-20,gate1995,gate1995;operating-system;disk-scheduling;normal;descriptive,no_question_uid_answer_record
go:2656,cse:1995:set1:main:q19,GATE CSE 1995 | Question: 19,https://gateoverflow.in/2656/gate-cse-1995-question-19,gate1995,gate1995;operating-system;process-synchronization;normal;descriptive,no_question_uid_answer_record
go:2655,cse:1995:set1:main:q18,GATE CSE 1995 | Question: 18,https://gateoverflow.in/2655/gate-cse-1995-question-18,gate1995,gate1995;digital-logic;number-representation;normal;descriptive,no_question_uid_answer_record
go:2651,cse:1995:set1:main:q15-a,GATE CSE 1995 | Question: 15-a,https://gateoverflow.in/2651/gate-cse-1995-question-15-a,gate1995,gate1995;digital-logic;k-map;normal;descriptive,no_question_uid_answer_record
go:2650,cse:1995:set1:main:q14,GATE CSE 1995 | Question: 14,https://gateoverflow.in/2650/gate-cse-1995-question-14,gate1995,gate1995;operating-system;disk;normal;descriptive,no_question_uid_answer_record
go:2649,cse:1995:set1:main:q13,GATE CSE 1995 | Question: 13,https://gateoverflow.in/2649/gate-cse-1995-question-13,gate1995,gate1995;mathematical-logic;propositional-logic;normal;descriptive,no_question_uid_answer_record
go:2648,cse:1995:set1:main:q12,GATE CSE 1995 | Question: 12,https://gateoverflow.in/2648/gate-cse-1995-question-12,gate1995,gate1995;algorithms;sorting;easy;descriptive,no_question_uid_answer_record
go:2647,cse:1995:set1:main:q11,GATE CSE 1995 | Question: 11,https://gateoverflow.in/2647/gate-cse-1995-question-11,gate1995,gate1995;theory-of-computation;normal;decidability;proof;descriptive,no_question_uid_answer_record
go:2644,cse:1995:set1:main:q9,GATE CSE 1995 | Question: 9,https://gateoverflow.in/2644/gate-cse-1995-question-9,gate1995,gate1995;compiler-design;grammar;normal;descriptive,no_question_uid_answer_record
go:2643,cse:1995:set1:main:q8,GATE CSE 1995 | Question: 8,https://gateoverflow.in/2643/gate-cse-1995-question-8,gate1995,gate1995;compiler-design;parsing;normal;descriptive,no_question_uid_answer_record
go:2641,cse:1995:set1:main:q5,GATE CSE 1995 | Question: 5,https://gateoverflow.in/2641/gate-cse-1995-question-5,gate1995,gate1995;operating-system;memory-management;normal;descriptive,no_question_uid_answer_record
go:2640,cse:1995:set1:main:q4,GATE CSE 1995 | Question: 4,https://gateoverflow.in/2640/gate-cse-1995-question-4,gate1995,gate1995;algorithms;identify-function;normal;descriptive,no_question_uid_answer_record
go:2639,cse:1995:set1:main:q3,GATE CSE 1995 | Question: 3,https://gateoverflow.in/2639/gate-cse-1995-question-3,gate1995,gate1995;programming;identify-function;descriptive,no_question_uid_answer_record
go:360171,cse:1994:set1:main:q17b,GATE CSE 1994 | Question: 17b,https://gateoverflow.in/360171/gate-cse-1994-question-17b,gate1994,gate1994;compiler-design;normal;assembler;true-false;descriptive,no_question_uid_answer_record
go:360170,cse:1994:set1:main:q18b,GATE CSE 1994 | Question: 18b,https://gateoverflow.in/360170/gate-cse-1994-question-18b,gate1994,gate1994;compiler-design;normal;assembler;true-false;descriptive,no_question_uid_answer_record
go:360163,cse:1994:set1:main:q14b,GATE CSE 1994 | Question: 14b,https://gateoverflow.in/360163/gate-cse-1994-question-14b,gate1994,gate1994;databases;b-tree;normal;descriptive,no_question_uid_answer_record
go:2524,cse:1994:set1:main:q28,GATE CSE 1994 | Question: 28,https://gateoverflow.in/2524/gate-cse-1994-question-28,gate1994,gate1994;operating-system;resource-allocation;normal;descriptive,no_question_uid_answer_record
go:2523,cse:1994:set1:main:q27,GATE CSE 1994 | Question: 27,https://gateoverflow.in/2523/gate-cse-1994-question-27,gate1994,gate1994;operating-system;process-synchronization;normal;descriptive,no_question_uid_answer_record
go:2522,cse:1994:set1:main:q26,GATE CSE 1994 | Question: 26,https://gateoverflow.in/2522/gate-cse-1994-question-26,gate1994,gate1994;data-structures;queue;stack;normal;descriptive,no_question_uid_answer_record
go:2521,cse:1994:set1:main:q25,GATE CSE 1994 | Question: 25,https://gateoverflow.in/2521/gate-cse-1994-question-25,gate1994,gate1994;data-structures;array;normal;descriptive,no_question_uid_answer_record
go:2520,cse:1994:set1:main:q24,GATE CSE 1994 | Question: 24,https://gateoverflow.in/2520/gate-cse-1994-question-24,gate1994,gate1994;algorithms;graph-algorithms;normal;descriptive,no_question_uid_answer_record
go:2519,cse:1994:set1:main:q23,GATE CSE 1994 | Question: 23,https://gateoverflow.in/2519/gate-cse-1994-question-23,gate1994,gate1994;compiler-design;grammar;syntax-directed-translation;descriptive;unsolved,no_question_uid_answer_record
go:2516,cse:1994:set1:main:q20,GATE CSE 1994 | Question: 20,https://gateoverflow.in/2516/gate-cse-1994-question-20,gate1994,gate1994;compiler-design;grammar;normal;descriptive,no_question_uid_answer_record
go:2515,cse:1994:set1:main:q19,GATE CSE 1994 | Question: 19,https://gateoverflow.in/2515/gate-cse-1994-question-19,gate1994,gate1994;theory-of-computation;identify-class-language;normal;descriptive,no_question_uid_answer_record
go:2514,cse:1994:set1:main:q18a,GATE CSE 1994 | Question: 18a,https://gateoverflow.in/2514/gate-cse-1994-question-18a,gate1994,gate1994;compiler-design;normal;assembler;true-false;descriptive,no_question_uid_answer_record
go:2513,cse:1994:set1:main:q17a,GATE CSE 1994 | Question: 17a,https://gateoverflow.in/2513/gate-cse-1994-question-17a,gate1994,gate1994;compiler-design;normal;assembler;true-false;descriptive,no_question_uid_answer_record
go:2511,cse:1994:set1:main:q15,GATE CSE 1994 | Question: 15,https://gateoverflow.in/2511/gate-cse-1994-question-15,gate1994,gate1994;combinatory;proof;summation;descriptive,no_question_uid_answer_record
go:2510,cse:1994:set1:main:q14a,GATE CSE 1994 | Question: 14a,https://gateoverflow.in/2510/gate-cse-1994-question-14a,gate1994,gate1994;databases;b-tree;normal;descriptive,no_question_uid_answer_record
go:2509,cse:1994:set1:main:q13,GATE CSE 1994 | Question: 13,https://gateoverflow.in/2509/gate-cse-1994-question-13,gate1994,gate1994;databases;relational-algebra;sql;normal;descriptive,no_question_uid_answer_record
go:2508,cse:1994:set1:main:q12,GATE CSE 1994 | Question: 12,https://gateoverflow.in/2508/gate-cse-1994-question-12,gate1994,gate1994;co-and-architecture;machine-instructions;normal;descriptive,no_question_uid_answer_record
go:2505,cse:1994:set1:main:q9,GATE CSE 1994 | Question: 9,https://gateoverflow.in/2505/gate-cse-1994-question-9,gate1994,gate1994;computer-networks;error-detection;hamming-code;normal;descriptive,no_question_uid_answer_record
go:2504,cse:1994:set1:main:q8,GATE CSE 1994 | Question: 8,https://gateoverflow.in/2504/gate-cse-1994-question-8,gate1994,gate1994;data-structures;binary-tree;normal;descriptive,no_question_uid_answer_record
go:2503,cse:1994:set1:main:q7,GATE CSE 1994 | Question: 7,https://gateoverflow.in/2503/gate-cse-1994-question-7,gate1994,gate1994;algorithms;normal;algorithm-design;fill-in-the-blanks,no_question_uid_answer_record
go:2502,cse:1994:set1:main:q6,GATE CSE 1994 | Question: 6,https://gateoverflow.in/2502/gate-cse-1994-question-6,gate1994,gate1994;algorithms;identify-function;normal;descriptive,no_question_uid_answer_record
go:2501,cse:1994:set1:main:q5,GATE CSE 1994 | Question: 5,https://gateoverflow.in/2501/gate-cse-1994-question-5,gate1994,gate1994;data-structures;tree;proof;descriptive,no_question_uid_answer_record
go:2500,cse:1994:set1:main:q4,GATE CSE 1994 | Question: 4,https://gateoverflow.in/2500/gate-cse-1994-question-4,gate1994,gate1994;digital-logic;normal;boolean-algebra;descriptive,no_question_uid_answer_record
go:2498,cse:1994:set1:main:q3-12,GATE CSE 1994 | Question: 3.12,https://gateoverflow.in/2498/gate-cse-1994-question-3-12,gate1994,gate1994;linear-algebra;matrix;easy;descriptive,no_question_uid_answer_record
go:203351,cse:1993:set1:main:q24,GATE CSE 1993 | Question: 24,https://gateoverflow.in/203351/gate-cse-1993-question-24,gate1993,gate1993;databases;sql;relational-calculus;normal;descriptive,no_question_uid_answer_record
go:2324,cse:1993:set1:main:q28,GATE CSE 1993 | Question: 28,https://gateoverflow.in/2324/gate-cse-1993-question-28,gate1993,gate1993;set-theory&algebra;group-theory;normal;descriptive,no_question_uid_answer_record
go:2323,cse:1993:set1:main:q27,GATE CSE 1993 | Question: 27,https://gateoverflow.in/2323/gate-cse-1993-question-27,gate1993,gate1993;theory-of-computation;finite-automata;easy;descriptive,no_question_uid_answer_record
go:2322,cse:1993:set1:main:q26,GATE CSE 1993 | Question: 26,https://gateoverflow.in/2322/gate-cse-1993-question-26,gate1993,gate1993;compiler-design;parameter-passing;runtime-environment;normal;descriptive,no_question_uid_answer_record
go:2321,cse:1993:set1:main:q25,GATE CSE 1993 | Question: 25,https://gateoverflow.in/2321/gate-cse-1993-question-25,gate1993,gate1993;compiler-design;parsing;normal;descriptive,no_question_uid_answer_record
go:2320,cse:1993:set1:main:q23,GATE CSE 1993 | Question: 23,https://gateoverflow.in/2320/gate-cse-1993-question-23,gate1993,gate1993;databases;sql;relational-calculus;normal;descriptive,no_question_uid_answer_record
go:2319,cse:1993:set1:main:q22,GATE CSE 1993 | Question: 22,https://gateoverflow.in/2319/gate-cse-1993-question-22,gate1993,gate1993;operating-system;process-synchronization;normal;descriptive,no_question_uid_answer_record
go:2318,cse:1993:set1:main:q21,GATE CSE 1993 | Question: 21,https://gateoverflow.in/2318/gate-cse-1993-question-21,gate1993,gate1993;operating-system;page-replacement;normal;descriptive,no_question_uid_answer_record
go:2316,cse:1993:set1:main:q19,GATE CSE 1993 | Question: 19,https://gateoverflow.in/2316/gate-cse-1993-question-19,gate1993,gate1993;digital-logic;sequential-circuit;flip-flop;circuit-output;normal;descriptive,no_question_uid_answer_record
go:2315,cse:1993:set1:main:q18,GATE CSE 1993 | Question: 18,https://gateoverflow.in/2315/gate-cse-1993-question-18,gate1993,gate1993;mathematical-logic;normal;propositional-logic;proof;descriptive,no_question_uid_answer_record
go:2314,cse:1993:set1:main:q17,GATE CSE 1993 | Question: 17,https://gateoverflow.in/2314/gate-cse-1993-question-17,gate1993,gate1993;set-theory&algebra;easy;set-theory;descriptive,no_question_uid_answer_record
go:2313,cse:1993:set1:main:q16,GATE CSE 1993 | Question: 16,https://gateoverflow.in/2313/gate-cse-1993-question-16,gate1993,gate1993;data-structures;binary-tree;normal;descriptive,no_question_uid_answer_record
go:2310,cse:1993:set1:main:q13,GATE CSE 1993 | Question: 13,https://gateoverflow.in/2310/gate-cse-1993-question-13,gate1993,gate1993;data-structures;linked-list;normal;descriptive,no_question_uid_answer_record
go:2309,cse:1993:set1:main:q12,GATE CSE 1993 | Question: 12,https://gateoverflow.in/2309/gate-cse-1993-question-12,gate1993,gate1993;data-structures;array;normal;descriptive,no_question_uid_answer_record
go:2308,cse:1993:set1:main:q11,GATE CSE 1993 | Question: 11,https://gateoverflow.in/2308/gate-cse-1993-question-11,gate1993,gate1993;co-and-architecture;cache-memory;normal;descriptive,no_question_uid_answer_record
go:2307,cse:1993:set1:main:q10,GATE CSE 1993 | Question: 10,https://gateoverflow.in/2307/gate-cse-1993-question-10,gate1993,gate1993;co-and-architecture;addressing-modes;normal;descriptive,no_question_uid_answer_record
go:2306,cse:1993:set1:main:q9,GATE CSE 1993 | Question: 9,https://gateoverflow.in/2306/gate-cse-1993-question-9,gate1993,gate1993;digital-logic;combinational-circuit;adder;descriptive,no_question_uid_answer_record
go:2305,cse:1993:set1:main:q8-7,GATE CSE 1993 | Question: 8.7,https://gateoverflow.in/2305/gate-cse-1993-question-8-7,gate1993,gate1993;algorithms;time-complexity;easy,no_question_uid_answer_record
go:2303,cse:1993:set1:main:q8-5,GATE CSE 1993 | Question: 8.5,https://gateoverflow.in/2303/gate-cse-1993-question-8-5,gate1993,gate1993;set-theory&algebra;partial-order;easy,no_question_uid_answer_record
go:43600,cse:1992:set1:main:q07b,GATE CSE 1992 | Question: 07b,https://gateoverflow.in/43600/gate-cse-1992-question-07b,gate1992,gate1992;algorithms;recurrence-relation;descriptive,no_question_uid_answer_record
go:43584,cse:1992:set1:main:q10b,GATE CSE 1992 | Question: 10b,https://gateoverflow.in/43584/gate-cse-1992-question-10b,gate1992,gate1992;parameter-passing;programming;runtime-environment;normal;descriptive,no_question_uid_answer_record
go:43583,cse:1992:set1:main:q11b,GATE CSE 1992 | Question: 11b,https://gateoverflow.in/43583/gate-cse-1992-question-11b,gate1992,gate1992;compiler-design;syntax-directed-translation;intermediate-code;descriptive,no_question_uid_answer_record
go:43581,cse:1992:set1:main:q13b,GATE CSE 1992 | Question: 13b,https://gateoverflow.in/43581/gate-cse-1992-question-13b,gate1992,gate1992;databases;relational-algebra;normal;descriptive,no_question_uid_answer_record
go:43579,cse:1992:set1:main:q15-b,GATE CSE 1992 | Question: 15.b,https://gateoverflow.in/43579/gate-cse-1992-question-15-b,gate1992,gate1992;set-theory&algebra;normal;relations;descriptive,no_question_uid_answer_record
go:31576,cse:1992:set1:main:q5-b,"GATE CSE 1992 | Question: 05,b",https://gateoverflow.in/31576/gate-cse-1992-question-05-b,gate1992,gate1992;co-and-architecture;interrupts;normal;descriptive;unsolved,no_question_uid_answer_record
go:594,cse:1992:set1:main:q15-a,GATE CSE 1992 | Question: 15.a,https://gateoverflow.in/594/gate-cse-1992-question-15-a,gate1992,gate1992;normal;mathematical-logic;propositional-logic;descriptive,no_question_uid_answer_record
go:593,cse:1992:set1:main:q14a,GATE CSE 1992 | Question: 14a,https://gateoverflow.in/593/gate-cse-1992-question-14a,gate1992,gate1992;set-theory&algebra;group-theory;normal;descriptive;proof,no_question_uid_answer_record
go:592,cse:1992:set1:main:q13a,GATE CSE 1992 | Question: 13a,https://gateoverflow.in/592/gate-cse-1992-question-13a,gate1992,gate1992;databases;descriptive;relational-model,no_question_uid_answer_record
go:591,cse:1992:set1:main:q12-a,GATE CSE 1992 | Question: 12-a,https://gateoverflow.in/591/gate-cse-1992-question-12-a,gate1992,gate1992;operating-system;normal;concurrency;precedence-graph;descriptive,no_question_uid_answer_record
go:590,cse:1992:set1:main:q11a,GATE CSE 1992 | Question: 11a,https://gateoverflow.in/590/gate-cse-1992-question-11a,gate1992,gate1992;compiler-design;syntax-directed-translation;normal;descriptive,no_question_uid_answer_record
go:588,cse:1992:set1:main:q9,GATE CSE 1992 | Question: 09,https://gateoverflow.in/588/gate-cse-1992-question-09,gate1992,gate1992;data-structures;normal;descriptive;queue,no_question_uid_answer_record
go:587,cse:1992:set1:main:q8,GATE CSE 1992 | Question: 8,https://gateoverflow.in/587/gate-cse-1992-question-8,gate1992,gate1992;algorithms;descriptive;algorithm-design,no_question_uid_answer_record
go:586,cse:1992:set1:main:q07a,GATE CSE 1992 | Question: 07a,https://gateoverflow.in/586/gate-cse-1992-question-07a,gate1992,gate1992;algorithms;recurrence-relation;descriptive,no_question_uid_answer_record
go:583,cse:1992:set1:main:q4-a,GATE CSE 1992 | Question: 4-a,https://gateoverflow.in/583/gate-cse-1992-question-4-a,gate1992,gate1992;digital-logic;normal;number-representation;descriptive,no_question_uid_answer_record
go:580,cse:1992:set1:main:q3-iii,"GATE CSE 1992 | Question: 03,iii",https://gateoverflow.in/580/gate-cse-1992-question-03-iii,gate1992,gate1992;graph-theory;graph-connectivity;descriptive,no_question_uid_answer_record
go:579,cse:1992:set1:main:q3-ii,"GATE CSE 1992 | Question: 03,ii",https://gateoverflow.in/579/gate-cse-1992-question-03-ii,gate1992,gate1992;compiler-design;assembler;easy;match-the-following,no_question_uid_answer_record
go:578,cse:1992:set1:main:q3-i,"GATE CSE 1992 | Question: 3,i",https://gateoverflow.in/578/gate-cse-1992-question-3-i,gate1992,gate1992;compiler-design;assembler;normal;descriptive,no_question_uid_answer_record
go:43606,cse:1991:set1:main:q07b,GATE CSE 1991 | Question: 07b,https://gateoverflow.in/43606/gate-cse-1991-question-07b,gate1991,gate1991;co-and-architecture;control-unit;hardwired-controller;normal;unsolved;descriptive,no_question_uid_answer_record
go:43605,cse:1991:set1:main:q10c,GATE CSE 1991 | Question: 10c,https://gateoverflow.in/43605/gate-cse-1991-question-10c,gate1991,gate1991;grammar;compiler-design;normal;descriptive,no_question_uid_answer_record
go:43604,cse:1991:set1:main:q10b,GATE CSE 1991 | Question: 10b,https://gateoverflow.in/43604/gate-cse-1991-question-10b,gate1991,gate1991;grammar;compiler-design;normal;descriptive,no_question_uid_answer_record
go:43603,cse:1991:set1:main:q09b,GATE CSE 1991 | Question: 09b,https://gateoverflow.in/43603/gate-cse-1991-question-09b,gate1991,gate1991;runtime-environment;normal;compiler-design;parameter-passing;descriptive,no_question_uid_answer_record
go:43027,cse:1991:set1:main:q14-c,"GATE CSE 1991 | Question: 14,c",https://gateoverflow.in/43027/gate-cse-1991-question-14-c,gate1991,gate1991;normal;data-structures;binary-tree;time-complexity;descriptive,no_question_uid_answer_record
go:43026,cse:1991:set1:main:q14-b,"GATE CSE 1991 | Question: 14,b",https://gateoverflow.in/43026/gate-cse-1991-question-14-b,gate1991,gate1991;data-structures;binary-tree;normal;descriptive,no_question_uid_answer_record
go:43000,cse:1991:set1:main:q11-b,"GATE CSE 1991 | Question: 11,b",https://gateoverflow.in/43000/gate-cse-1991-question-11-b,gate1991,gate1991;process-synchronization;normal;operating-system;descriptive,no_question_uid_answer_record
go:42998,cse:1991:set1:main:q12-b,"GATE CSE 1991 | Question: 12,b",https://gateoverflow.in/42998/gate-cse-1991-question-12-b,gate1991,sql;gate1991;normal;databases;descriptive,no_question_uid_answer_record
go:26748,cse:1991:set1:main:q15-b,"GATE CSE 1991 | Question: 15,b",https://gateoverflow.in/26748/gate-cse-1991-question-15-b,gate1991,gate1991;mathematical-logic;first-order-logic;descriptive,no_question_uid_answer_record
go:26653,cse:1991:set1:main:q17-a,"GATE CSE 1991 | Question: 17,a",https://gateoverflow.in/26653/gate-cse-1991-question-17-a,gate1991,gate1991;theory-of-computation;descriptive;identify-class-language;proof,no_question_uid_answer_record
go:26647,cse:1991:set1:main:q16-b,GATE CSE 1991 | Question: 16-b,https://gateoverflow.in/26647/gate-cse-1991-question-16-b,gate1991,gate1991;graph-theory;degree-of-graph;descriptive;proof,no_question_uid_answer_record
go:26437,cse:1991:set1:main:q5-b,GATE CSE 1991 | Question: 5-b,https://gateoverflow.in/26437/gate-cse-1991-question-5-b,gate1991,gate1991;digital-logic;boolean-algebra;min-sum-of-products-form;descriptive,no_question_uid_answer_record
go:544,cse:1991:set1:main:q17-b,"GATE CSE 1991 | Question: 17,b",https://gateoverflow.in/544/gate-cse-1991-question-17-b,gate1991,gate1991;theory-of-computation;finite-automata;normal;descriptive,no_question_uid_answer_record
go:543,cse:1991:set1:main:q16-a,"GATE CSE 1991 | Question: 16,a",https://gateoverflow.in/543/gate-cse-1991-question-16-a,gate1991,gate1991;combinatory;normal;descriptive;catalan-number,no_question_uid_answer_record
go:542,cse:1991:set1:main:q15-a,"GATE CSE 1991 | Question: 15,a",https://gateoverflow.in/542/gate-cse-1991-question-15-a,gate1991,gate1991;set-theory&algebra;normal;number-theory;proof;descriptive,no_question_uid_answer_record
go:541,cse:1991:set1:main:q14-a,"GATE CSE 1991 | Question: 14,a",https://gateoverflow.in/541/gate-cse-1991-question-14-a,gate1991,gate1991;data-structures;binary-tree;time-complexity;normal;descriptive,no_question_uid_answer_record
go:539,cse:1991:set1:main:q12-a,GATE CSE 1991 | Question: 12-a,https://gateoverflow.in/539/gate-cse-1991-question-12-a,gate1991,gate1991;databases;sql;normal;descriptive,no_question_uid_answer_record
go:538,cse:1991:set1:main:q11-a,"GATE CSE 1991 | Question: 11,a",https://gateoverflow.in/538/gate-cse-1991-question-11-a,gate1991,gate1991;process-synchronization;normal;operating-system;descriptive,no_question_uid_answer_record
go:537,cse:1991:set1:main:q10a,GATE CSE 1991 | Question: 10a,https://gateoverflow.in/537/gate-cse-1991-question-10a,gate1991,gate1991;grammar;compiler-design;normal;descriptive,no_question_uid_answer_record
go:536,cse:1991:set1:main:q09a,GATE CSE 1991 | Question: 09a,https://gateoverflow.in/536/gate-cse-1991-question-09a,gate1991,gate1991;compiler-design;parameter-passing;normal;runtime-environment;descriptive,no_question_uid_answer_record
go:533,cse:1991:set1:main:q07a,GATE CSE 1991 | Question: 07a,https://gateoverflow.in/533/gate-cse-1991-question-07a,gate1991,gate1991;co-and-architecture;control-unit;hardwired-controller;normal;unsolved;descriptive,no_question_uid_answer_record
go:532,cse:1991:set1:main:q6-a,"GATE CSE 1991 | Question: 06,a",https://gateoverflow.in/532/gate-cse-1991-question-06-a,gate1991,gate1991;digital-logic;difficult;sequential-circuit;flip-flop;shift-registers;descriptive,no_question_uid_answer_record
go:531,cse:1991:set1:main:q5-a,GATE CSE 1991 | Question: 5-a,https://gateoverflow.in/531/gate-cse-1991-question-5-a,gate1991,gate1991;digital-logic;normal;circuit-output;sequential-circuit;descriptive,no_question_uid_answer_record
go:203832,cse:1990:set1:main:q1-iv-b,GATE CSE 1990 | Question: 1-iv-b,https://gateoverflow.in/203832/gate-cse-1990-question-1-iv-b,gate1990,gate1990;digital-logic;number-representation;floating-point-representation;fill-in-the-blanks,no_question_uid_answer_record
go:87055,cse:1990:set1:main:q1-viii,GATE CSE 1990 | Question: 1-viii,https://gateoverflow.in/87055/gate-cse-1990-question-1-viii,gate1990,gate1990;digital-logic;number-representation;fill-in-the-blanks,no_question_uid_answer_record
go:86884,cse:1990:set1:main:q17c,GATE CSE 1990 | Question: 17c,https://gateoverflow.in/86884/gate-cse-1990-question-17c,gate1990,gate1990;descriptive;set-theory&algebra;lattice,no_question_uid_answer_record
go:86878,cse:1990:set1:main:q17a,GATE CSE 1990 | Question: 17a,https://gateoverflow.in/86878/gate-cse-1990-question-17a,gate1990,gate1990;descriptive;algorithms;recurrence-relation,no_question_uid_answer_record
go:86873,cse:1990:set1:main:q16b,GATE CSE 1990 | Question: 16b,https://gateoverflow.in/86873/gate-cse-1990-question-16b,gate1990,gate1990;descriptive;compiler-design;grammar;unsolved,no_question_uid_answer_record
go:86869,cse:1990:set1:main:q16a,GATE CSE 1990 | Question: 16a,https://gateoverflow.in/86869/gate-cse-1990-question-16a,gate1990,gate1990;descriptive;compiler-design;grammar,no_question_uid_answer_record
go:86864,cse:1990:set1:main:q15a,GATE CSE 1990 | Question: 15a,https://gateoverflow.in/86864/gate-cse-1990-question-15a,gate1990,gate1990;descriptive;theory-of-computation;regular-language;regular-grammar,no_question_uid_answer_record
go:86228,cse:1990:set1:main:q14,GATE CSE 1990 | Question: 14,https://gateoverflow.in/86228/gate-cse-1990-question-14,gate1990,gate1990;descriptive;graph-algorithms;unsolved,no_question_uid_answer_record
go:86225,cse:1990:set1:main:q13b,GATE CSE 1990 | Question: 13b,https://gateoverflow.in/86225/gate-cse-1990-question-13b,gate1990,gate1990;hashing;algorithms;descriptive,no_question_uid_answer_record
go:86224,cse:1990:set1:main:q13a,GATE CSE 1990 | Question: 13a,https://gateoverflow.in/86224/gate-cse-1990-question-13a,gate1990,gate1990;data-structures;tree;descriptive,no_question_uid_answer_record
go:86146,cse:1990:set1:main:q12b,GATE CSE 1990 | Question: 12b,https://gateoverflow.in/86146/gate-cse-1990-question-12b,gate1990,gate1990;descriptive;algorithms;algorithm-design-techniques,no_question_uid_answer_record
go:86108,cse:1990:set1:main:q12a,GATE CSE 1990 | Question: 12a,https://gateoverflow.in/86108/gate-cse-1990-question-12a,gate1990,gate1990;descriptive;algorithms;branch-and-bound;unsolved,no_question_uid_answer_record
go:85987,cse:1990:set1:main:q11b,GATE CSE 1990 | Question: 11b,https://gateoverflow.in/85987/gate-cse-1990-question-11b,gate1990,gate1990;descriptive;algorithms;identify-function,no_question_uid_answer_record
go:85981,cse:1990:set1:main:q11a,GATE CSE 1990 | Question: 11a,https://gateoverflow.in/85981/gate-cse-1990-question-11a,gate1990,gate1990;descriptive;compiler-design;runtime-environment;parameter-passing,no_question_uid_answer_record
go:85691,cse:1990:set1:main:q10b,GATE CSE 1990 | Question: 10b,https://gateoverflow.in/85691/gate-cse-1990-question-10b,gate1990,gate1990;databases;indexing;descriptive,no_question_uid_answer_record
go:85686,cse:1990:set1:main:q10-a,GATE CSE 1990 | Question: 10-a,https://gateoverflow.in/85686/gate-cse-1990-question-10-a,gate1990,gate1990;descriptive;databases;sql,no_question_uid_answer_record
go:85678,cse:1990:set1:main:q9b,GATE CSE 1990 | Question: 9b,https://gateoverflow.in/85678/gate-cse-1990-question-9b,gate1990,gate1990;descriptive;operating-system;disk-scheduling,no_question_uid_answer_record
go:85677,cse:1990:set1:main:q9a,GATE CSE 1990 | Question: 9a,https://gateoverflow.in/85677/gate-cse-1990-question-9a,gate1990,descriptive;gate1990;operating-system;process-synchronization;critical-section;unsolved,no_question_uid_answer_record
go:85671,cse:1990:set1:main:q8b,GATE CSE 1990 | Question: 8b,https://gateoverflow.in/85671/gate-cse-1990-question-8b,gate1990,gate1990;descriptive;digital-logic;booths-algorithm,no_question_uid_answer_record
go:85669,cse:1990:set1:main:q8a,GATE CSE 1990 | Question: 8a,https://gateoverflow.in/85669/gate-cse-1990-question-8a,gate1990,gate1990;descriptive;co-and-architecture;data-path,no_question_uid_answer_record
go:85406,cse:1990:set1:main:q7-c,GATE CSE 1990 | Question: 7-c,https://gateoverflow.in/85406/gate-cse-1990-question-7-c,gate1990,gate1990;operating-system;disk;descriptive,no_question_uid_answer_record
go:85404,cse:1990:set1:main:q7-b,GATE CSE 1990 | Question: 7-b,https://gateoverflow.in/85404/gate-cse-1990-question-7-b,gate1990,gate1990;descriptive;operating-system;virtual-memory,no_question_uid_answer_record
go:85403,cse:1990:set1:main:q7a,GATE CSE 1990 | Question: 7a,https://gateoverflow.in/85403/gate-cse-1990-question-7a,gate1990,gate1990;descriptive;co-and-architecture;cache-memory,no_question_uid_answer_record
go:85400,cse:1990:set1:main:q5-c,GATE CSE 1990 | Question: 5-c,https://gateoverflow.in/85400/gate-cse-1990-question-5-c,gate1990,gate1990;descriptive;digital-logic;sequential-circuit;flip-flop;digital-counter,no_question_uid_answer_record
go:85398,cse:1990:set1:main:q5-b,GATE CSE 1990 | Question: 5-b,https://gateoverflow.in/85398/gate-cse-1990-question-5-b,gate1990,gate1990;descriptive;digital-logic;combinational-circuit;multiplexer,no_question_uid_answer_record
go:85396,cse:1990:set1:main:q5-a,GATE CSE 1990 | Question: 5-a,https://gateoverflow.in/85396/gate-cse-1990-question-5-a,gate1990,gate1990;digital-logic;boolean-algebra;min-product-of-sums;canonical-normal-form;descriptive,no_question_uid_answer_record
go:93179,cse:1989:set1:main:q14a,GATE CSE 1989 | Question: 14a,https://gateoverflow.in/93179/gate-cse-1989-question-14a,gate1989,gate1989;descriptive;first-order-logic;mathematical-logic,no_question_uid_answer_record
go:93178,cse:1989:set1:main:q13c,GATE CSE 1989 | Question: 13c,https://gateoverflow.in/93178/gate-cse-1989-question-13c,gate1989,gate1989;descriptive;functions;set-theory&algebra,no_question_uid_answer_record
go:93175,cse:1989:set1:main:q13b,GATE CSE 1989 | Question: 13b,https://gateoverflow.in/93175/gate-cse-1989-question-13b,gate1989,gate1989;descriptive;algorithms;recurrence-relation,no_question_uid_answer_record
go:91199,cse:1989:set1:main:q12a,GATE CSE 1989 | Question: 12a,https://gateoverflow.in/91199/gate-cse-1989-question-12a,gate1989,descriptive;gate1989;databases;b-tree,no_question_uid_answer_record
go:91096,cse:1989:set1:main:q11b,GATE CSE 1989 | Question: 11b,https://gateoverflow.in/91096/gate-cse-1989-question-11b,gate1989,gate1989;descriptive;operating-system;precedence-graph;process-synchronization,no_question_uid_answer_record
go:91093,cse:1989:set1:main:q11a,GATE CSE 1989 | Question: 11a,https://gateoverflow.in/91093/gate-cse-1989-question-11a,gate1989,descriptive;gate1989;operating-system;resource-allocation,no_question_uid_answer_record
go:89643,cse:1989:set1:main:q10b,GATE CSE 1989 | Question: 10b,https://gateoverflow.in/89643/gate-cse-1989-question-10b,gate1989,descriptive;gate1989;compiler-design;syntax-directed-translation;unsolved,no_question_uid_answer_record
go:89636,cse:1989:set1:main:q10a,GATE CSE 1989 | Question: 10a,https://gateoverflow.in/89636/gate-cse-1989-question-10a,gate1989,gate1989;descriptive;compiler-design;runtime-environment,no_question_uid_answer_record
go:89083,cse:1989:set1:main:q9,GATE CSE 1989 | Question: 9,https://gateoverflow.in/89083/gate-cse-1989-question-9,gate1989,gate1989;descriptive;algorithms;sorting;quick-sort,no_question_uid_answer_record
go:89082,cse:1989:set1:main:q8b,GATE CSE 1989 | Question: 8b,https://gateoverflow.in/89082/gate-cse-1989-question-8b,gate1989,gate1989;descriptive;compiler-design;runtime-environment,no_question_uid_answer_record
go:89080,cse:1989:set1:main:q8a,GATE CSE 1989 | Question: 8a,https://gateoverflow.in/89080/gate-cse-1989-question-8a,gate1989,gate1989;descriptive;algorithms;identify-function,no_question_uid_answer_record
go:88564,cse:1989:set1:main:q6b,GATE CSE 1989 | Question: 6b,https://gateoverflow.in/88564/gate-cse-1989-question-6b,gate1989,gate1989;descriptive;co-and-architecture;assembly;unsolved,no_question_uid_answer_record
go:88557,cse:1989:set1:main:q6a,GATE CSE 1989 | Question: 6a,https://gateoverflow.in/88557/gate-cse-1989-question-6a,gate1989,gate1989;descriptive;co-and-architecture;cache-memory,no_question_uid_answer_record
go:88232,cse:1989:set1:main:q5b,GATE CSE 1989 | Question: 5b,https://gateoverflow.in/88232/gate-cse-1989-question-5b,gate1989,descriptive;gate1989;digital-logic;sequential-circuit;shift-registers;unsolved,no_question_uid_answer_record
go:88230,cse:1989:set1:main:q5-a,GATE CSE 1989 | Question: 5-a,https://gateoverflow.in/88230/gate-cse-1989-question-5-a,gate1989,gate1989;descriptive;digital-logic;boolean-algebra,no_question_uid_answer_record
go:88228,cse:1989:set1:main:q4-xiv,GATE CSE 1989 | Question: 4-xiv,https://gateoverflow.in/88228/gate-cse-1989-question-4-xiv,gate1989,gate1989;normal;databases;indexing;descriptive,no_question_uid_answer_record
go:88222,cse:1989:set1:main:q4-xii,GATE CSE 1989 | Question: 4-xii,https://gateoverflow.in/88222/gate-cse-1989-question-4-xii,gate1989,gate1989;descriptive;operating-system;disk-scheduling,no_question_uid_answer_record
go:88167,cse:1989:set1:main:q4-xi,GATE CSE 1989 | Question: 4-xi,https://gateoverflow.in/88167/gate-cse-1989-question-4-xi,gate1989,gate1989;descriptive;data-structures;linked-list;unsolved,no_question_uid_answer_record
go:88166,cse:1989:set1:main:q4-x,GATE CSE 1989 | Question: 4-x,https://gateoverflow.in/88166/gate-cse-1989-question-4-x,gate1989,gate1989;descriptive;digital-logic;boolean-algebra,no_question_uid_answer_record
go:88164,cse:1989:set1:main:q4-ix,GATE CSE 1989 | Question: 4-ix,https://gateoverflow.in/88164/gate-cse-1989-question-4-ix,gate1989,gate1989;descriptive;digital-logic;circuit-output,no_question_uid_answer_record
go:88156,cse:1989:set1:main:q4-viii,GATE CSE 1989 | Question: 4-viii,https://gateoverflow.in/88156/gate-cse-1989-question-4-viii,gate1989,gate1989;descriptive;probability;poisson-distribution,no_question_uid_answer_record
go:88152,cse:1989:set1:main:q4-vii,GATE CSE 1989 | Question: 4-vii,https://gateoverflow.in/88152/gate-cse-1989-question-4-vii,gate1989,gate1989;descriptive;algorithms;graph-algorithms;spanning-tree;depth-first-search,no_question_uid_answer_record
go:88148,cse:1989:set1:main:q4-vi,GATE CSE 1989 | Question: 4-vi,https://gateoverflow.in/88148/gate-cse-1989-question-4-vi,gate1989,gate1989;descriptive;compiler-design;macros;unsolved,no_question_uid_answer_record
go:87885,cse:1989:set1:main:q4-v,GATE CSE 1989 | Question: 4-v,https://gateoverflow.in/87885/gate-cse-1989-question-4-v,gate1989,descriptive;gate1989;compiler-design;intermediate-code,no_question_uid_answer_record
go:87883,cse:1989:set1:main:q4-iii,GATE CSE 1989 | Question: 4-iii,https://gateoverflow.in/87883/gate-cse-1989-question-4-iii,gate1989,gate1989;descriptive;digital-logic;functional-completeness,no_question_uid_answer_record
go:87881,cse:1989:set1:main:q4-ii,GATE CSE 1989 | Question: 4-ii,https://gateoverflow.in/87881/gate-cse-1989-question-4-ii,gate1989,gate1989;descriptive;data-structures;stack;infix-prefix,no_question_uid_answer_record
go:94644,cse:1988:set1:main:q16i,GATE CSE 1988 | Question: 16i,https://gateoverflow.in/94644/gate-cse-1988-question-16i,gate1988,gate1988;normal;descriptive;linear-algebra;matrix,no_question_uid_answer_record
go:94642,cse:1988:set1:main:q15,GATE CSE 1988 | Question: 15,https://gateoverflow.in/94642/gate-cse-1988-question-15,gate1988,gate1988;descriptive;theory-of-computation;finite-automata;difficult,no_question_uid_answer_record
go:94637,cse:1988:set1:main:q13iv,GATE CSE 1988 | Question: 13iv,https://gateoverflow.in/94637/gate-cse-1988-question-13iv,gate1988,gate1988;descriptive;algorithms;recurrence-relation,no_question_uid_answer_record
go:94634,cse:1988:set1:main:q13ii,GATE CSE 1988 | Question: 13ii,https://gateoverflow.in/94634/gate-cse-1988-question-13ii,gate1988,gate1988;descriptive;set-theory&algebra;functions,no_question_uid_answer_record
go:94626,cse:1988:set1:main:q12iv,GATE CSE 1988 | Question: 12iv,https://gateoverflow.in/94626/gate-cse-1988-question-12iv,gate1988,gate1988;normal;descriptive;databases;sql,no_question_uid_answer_record
go:94625,cse:1988:set1:main:q12iii,GATE CSE 1988 | Question: 12iii,https://gateoverflow.in/94625/gate-cse-1988-question-12iii,gate1988,gate1988;normal;descriptive;databases;sql,no_question_uid_answer_record
go:94619,cse:1988:set1:main:q12iic,GATE CSE 1988 | Question: 12iic,https://gateoverflow.in/94619/gate-cse-1988-question-12iic,gate1988,gate1988;normal;descriptive;databases;database-normalization,no_question_uid_answer_record
go:94618,cse:1988:set1:main:q12iib,GATE CSE 1988 | Question: 12iib,https://gateoverflow.in/94618/gate-cse-1988-question-12iib,gate1988,gate1988;normal;descriptive;databases;database-normalization,no_question_uid_answer_record
go:94399,cse:1988:set1:main:q12iia,GATE CSE 1988 | Question: 12iia,https://gateoverflow.in/94399/gate-cse-1988-question-12iia,gate1988,gate1988;easy;descriptive;databases;database-normalization,no_question_uid_answer_record
go:94398,cse:1988:set1:main:q12i,GATE CSE 1988 | Question: 12i,https://gateoverflow.in/94398/gate-cse-1988-question-12i,gate1988,gate1988;normal;descriptive;databases;database-normalization,no_question_uid_answer_record
go:94397,cse:1988:set1:main:q11,GATE CSE 1988 | Question: 11,https://gateoverflow.in/94397/gate-cse-1988-question-11,gate1988,gate1988;normal;descriptive;operating-system;resource-allocation,no_question_uid_answer_record
go:94393,cse:1988:set1:main:q10iib,GATE CSE 1988 | Question: 10iib,https://gateoverflow.in/94393/gate-cse-1988-question-10iib,gate1988,gate1988;descriptive;operating-system;process-synchronization,no_question_uid_answer_record
go:94391,cse:1988:set1:main:q10ib,GATE CSE 1988 | Question: 10ib,https://gateoverflow.in/94391/gate-cse-1988-question-10ib,gate1988,gate1988;compiler-design;descriptive;grammar;parsing,no_question_uid_answer_record
go:94390,cse:1988:set1:main:q10ia,GATE CSE 1988 | Question: 10ia,https://gateoverflow.in/94390/gate-cse-1988-question-10ia,gate1988,gate1988;compiler-design;descriptive;grammar;parsing,no_question_uid_answer_record
go:94388,cse:1988:set1:main:q9iii,GATE CSE 1988 | Question: 9iii,https://gateoverflow.in/94388/gate-cse-1988-question-9iii,gate1988,gate1988;normal;descriptive;co-and-architecture;addressing-modes,no_question_uid_answer_record
go:94387,cse:1988:set1:main:q9ii,GATE CSE 1988 | Question: 9ii,https://gateoverflow.in/94387/gate-cse-1988-question-9ii,gate1988,gate1988;normal;descriptive;co-and-architecture;unsolved,no_question_uid_answer_record
go:94384,cse:1988:set1:main:q9i,GATE CSE 1988 | Question: 9i,https://gateoverflow.in/94384/gate-cse-1988-question-9i,gate1988,gate1988;normal;descriptive;co-and-architecture;machine-instructions,no_question_uid_answer_record
go:94379,cse:1988:set1:main:q8ii,GATE CSE 1988 | Question: 8ii,https://gateoverflow.in/94379/gate-cse-1988-question-8ii,gate1988,gate1988;programming;descriptive;loop-invariants,no_question_uid_answer_record
go:94371,cse:1988:set1:main:q8i,GATE CSE 1988 | Question: 8i,https://gateoverflow.in/94371/gate-cse-1988-question-8i,gate1988,gate1988;descriptive;compiler-design;runtime-environment;parameter-passing,no_question_uid_answer_record
go:82457,cse:1987:set1:main:q10e,GATE CSE 1987 | Question: 10e,https://gateoverflow.in/82457/gate-cse-1987-question-10e,gate1987,gate1987;mathematical-logic;propositional-logic;proof;descriptive,no_question_uid_answer_record
go:82455,cse:1987:set1:main:q10d,GATE CSE 1987 | Question: 10d,https://gateoverflow.in/82455/gate-cse-1987-question-10d,gate1987,gate1987;theory-of-computation;regular-expression;descriptive,no_question_uid_answer_record
go:82452,cse:1987:set1:main:q10c,GATE CSE 1987 | Question: 10c,https://gateoverflow.in/82452/gate-cse-1987-question-10c,gate1987,gate1987;digital-logic;digital-counter;descriptive,no_question_uid_answer_record
go:82451,cse:1987:set1:main:q10b,GATE CSE 1987 | Question: 10b,https://gateoverflow.in/82451/gate-cse-1987-question-10b,gate1987,gate1987;combinatory;generating-functions;descriptive,no_question_uid_answer_record
go:82450,cse:1987:set1:main:q10a,GATE CSE 1987 | Question: 10a,https://gateoverflow.in/82450/gate-cse-1987-question-10a,gate1987,gate1987;algorithms;recurrence-relation;descriptive,no_question_uid_answer_record
go:82446,cse:1987:set1:main:q9e,GATE CSE 1987 | Question: 9e,https://gateoverflow.in/82446/gate-cse-1987-question-9e,gate1987,gate1987;set-theory&algebra;relations;descriptive,no_question_uid_answer_record
go:82442,cse:1987:set1:main:q9d,GATE CSE 1987 | Question: 9d,https://gateoverflow.in/82442/gate-cse-1987-question-9d,gate1987,gate1987;graph-theory;easy;graph-connectivity;descriptive,no_question_uid_answer_record
go:82438,cse:1987:set1:main:q9c,GATE CSE 1987 | Question: 9c,https://gateoverflow.in/82438/gate-cse-1987-question-9c,gate1987,gate1987;graph-theory;degree-of-graph;descriptive;proof,no_question_uid_answer_record
go:82437,cse:1987:set1:main:q9b,GATE CSE 1987 | Question: 9b,https://gateoverflow.in/82437/gate-cse-1987-question-9b,gate1987,gate1987;set-theory&algebra;functions;descriptive,no_question_uid_answer_record
go:82436,cse:1987:set1:main:q9a,GATE CSE 1987 | Question: 9a,https://gateoverflow.in/82436/gate-cse-1987-question-9a,gate1987,gate1987;set-theory&algebra;relations;descriptive,no_question_uid_answer_record
go:82433,cse:1987:set1:main:q8a,GATE CSE 1987 | Question: 8a,https://gateoverflow.in/82433/gate-cse-1987-question-8a,gate1987,gate1987;operating-system;process-synchronization;descriptive,no_question_uid_answer_record
go:82427,cse:1987:set1:main:q7b,GATE CSE 1987 | Question: 7b,https://gateoverflow.in/82427/gate-cse-1987-question-7b,gate1987,gate1987;data-structures;binary-tree;descriptive,no_question_uid_answer_record
go:82425,cse:1987:set1:main:q7a,GATE CSE 1987 | Question: 7a,https://gateoverflow.in/82425/gate-cse-1987-question-7a,gate1987,gate1987;programming;loop-invariants;descriptive,no_question_uid_answer_record
go:82419,cse:1987:set1:main:q6a,GATE CSE 1987 | Question: 6a,https://gateoverflow.in/82419/gate-cse-1987-question-6a,gate1987,gate1987;data-structures;linked-list;descriptive,no_question_uid_answer_record
go:81360,cse:1987:set1:main:q4b,GATE CSE 1987 | Question: 4b,https://gateoverflow.in/81360/gate-cse-1987-question-4b,gate1987,gate1987;co-and-architecture;cache-memory;descriptive,no_question_uid_answer_record
go:81359,cse:1987:set1:main:q4a,GATE CSE 1987 | Question: 4a,https://gateoverflow.in/81359/gate-cse-1987-question-4a,gate1987,gate1987;co-and-architecture;microprogramming;descriptive,no_question_uid_answer_record
go:81357,cse:1987:set1:main:q3a,GATE CSE 1987 | Question: 3a,https://gateoverflow.in/81357/gate-cse-1987-question-3a,gate1987,gate1987;digital-logic;adder;descriptive;unsolved,no_question_uid_answer_record
go:357428,cse:2021:set1:main:q23,GATE CSE 2021 Set 1 | Question: 23,https://gateoverflow.in/357428/gate-cse-2021-set-1-question-23,gatecse-2021-set1,gatecse-2021-set1;databases;sql;numerical-answers;1-mark,no_question_uid_answer_record
go:118303,cse:2017:set1:main:q23,GATE CSE 2017 Set 1 | Question: 23,https://gateoverflow.in/118303/gate-cse-2017-set-1-question-23,gatecse-2017-set1,gatecse-2017-set1;databases;sql;numerical-answers,no_question_uid_answer_record
go:8094,cse:2015:set1:main:q7,GATE CSE 2015 Set 1 | Question: 7,https://gateoverflow.in/8094/gate-cse-2015-set-1-question-7,gatecse-2015-set1,gatecse-2015-set1;databases;sql;relational-algebra;easy,no_question_uid_answer_record
go:8047,cse:2015:set2:main:q1,GATE CSE 2015 Set 2 | Question: 1,https://gateoverflow.in/8047/gate-cse-2015-set-2-question-1,gatecse-2015-set2,gatecse-2015-set2;databases;transaction-and-concurrency;easy,no_question_uid_answer_record
go:473,cse:2012:set1:main:q38,GATE CSE 2012 | Question: 38,https://gateoverflow.in/473/gate-cse-2012-question-38,gatecse-2012,gatecse-2012;graph-theory;normal;marks-to-all;counting,no_question_uid_answer_record
go:47,cse:2012:set1:main:q15,GATE CSE 2012 | Question: 15,https://gateoverflow.in/47/gate-cse-2012-question-15,gatecse-2012,gatecse-2012;databases;easy;sql;ambiguous,no_question_uid_answer_record
go:441,cse:2008:set1:main:q30,GATE CSE 2008 | Question: 30,https://gateoverflow.in/441/gate-cse-2008-question-30,gatecse-2008,gatecse-2008;easy;mathematical-logic;first-order-logic,no_question_uid_answer_record
go:1376,cse:2005:set1:main:q53,GATE CSE 2005 | Question: 53,https://gateoverflow.in/1376/gate-cse-2005-question-53,gatecse-2005,gatecse-2005;theory-of-computation;finite-automata;normal,no_question_uid_answer_record
go:1047,cse:2004:set1:main:q51,GATE CSE 2004 | Question: 51,https://gateoverflow.in/1047/gate-cse-2004-question-51,gatecse-2004,gatecse-2004;databases;relational-algebra;normal,no_question_uid_answer_record
go:718,cse:2001:set1:main:q1-25,GATE CSE 2001 | Question: 1.25,https://gateoverflow.in/718/gate-cse-2001-question-1-25,gatecse-2001,gatecse-2001;databases;relational-algebra,no_question_uid_answer_record
go:717,cse:2001:set1:main:q1-24,GATE CSE 2001 | Question: 1.24,https://gateoverflow.in/717/gate-cse-2001-question-1-24,gatecse-2001,gatecse-2001;databases;relational-algebra;normal,no_question_uid_answer_record
go:655,cse:2000:set1:main:q2-8,GATE CSE 2000 | Question: 2.8,https://gateoverflow.in/655/gate-cse-2000-question-2-8,gatecse-2000,gatecse-2000;theory-of-computation;easy;regular-language,no_question_uid_answer_record
go:647,cse:2000:set1:main:q1-23-isro2016-57,"GATE CSE 2000 | Question: 1.23, ISRO2016-57",https://gateoverflow.in/647/gate-cse-2000-question-1-23-isro2016-57,gatecse-2000,gatecse-2000;databases;relational-algebra;easy;isro2016,no_question_uid_answer_record
go:1484,cse:1999:set1:main:q2-6,GATE CSE 1999 | Question: 2.6,https://gateoverflow.in/1484/gate-cse-1999-question-2-6,gate1999,gate1999;databases;transaction-and-concurrency;normal,no_question_uid_answer_record
go:1670,cse:1998:set1:main:q1-33,GATE CSE 1998 | Question: 1.33,https://gateoverflow.in/1670/gate-cse-1998-question-1-33,gate1998,gate1998;normal;relational-algebra,no_question_uid_answer_record
go:2251,cse:1997:set1:main:q4-10,GATE CSE 1997 | Question: 4.10,https://gateoverflow.in/2251/gate-cse-1997-question-4-10,gate1997,gate1997;numerical-methods;trapezoidal-rule;normal,no_question_uid_answer_record
go:2494,cse:1994:set1:main:q3-8,GATE CSE 1994 | Question: 3.8,https://gateoverflow.in/2494/gate-cse-1994-question-3-8,gate1994,gate1994;databases;relational-algebra;normal;descriptive,no_question_uid_answer_record
go:2493,cse:1994:set1:main:q3-7,GATE CSE 1994 | Question: 3.7,https://gateoverflow.in/2493/gate-cse-1994-question-3-7,gate1994,gate1994;databases;easy;database-normalization;candidate-key;descriptive,no_question_uid_answer_record
go:2482,cse:1994:set1:main:q3-5,GATE CSE 1994 | Question: 3.5,https://gateoverflow.in/2482/gate-cse-1994-question-3-5,gate1994,gate1994;compiler-design;grammar;normal;match-the-following,no_question_uid_answer_record
go:2477,cse:1994:set1:main:q2-10,GATE CSE 1994 | Question: 2.10,https://gateoverflow.in/2477/gate-cse-1994-question-2-10,gate1994,gate1994;theory-of-computation;finite-automata;regular-expression;easy;fill-in-the-blanks,no_question_uid_answer_record
go:2474,cse:1994:set1:main:q2-7,GATE CSE 1994 | Question: 2.7,https://gateoverflow.in/2474/gate-cse-1994-question-2-7,gate1994,gate1994;digital-logic;number-representation;easy;fill-in-the-blanks,no_question_uid_answer_record
go:2473,cse:1994:set1:main:q2-6,GATE CSE 1994 | Question: 2.6,https://gateoverflow.in/2473/gate-cse-1994-question-2-6,gate1994,gate1994;probability;normal;conditional-probability;fill-in-the-blanks,no_question_uid_answer_record
go:2472,cse:1994:set1:main:q2-5,GATE CSE 1994 | Question: 2.5,https://gateoverflow.in/2472/gate-cse-1994-question-2-5,gate1994,gate1994;graph-theory;easy;graph-connectivity;fill-in-the-blanks,no_question_uid_answer_record
go:2471,cse:1994:set1:main:q2-4,GATE CSE 1994 | Question: 2.4,https://gateoverflow.in/2471/gate-cse-1994-question-2-4,gate1994,gate1994;set-theory&algebra;easy;set-theory;fill-in-the-blanks,no_question_uid_answer_record
go:2470,cse:1994:set1:main:q2-3,GATE CSE 1994 | Question: 2.3,https://gateoverflow.in/2470/gate-cse-1994-question-2-3,gate1994,gate1994;set-theory&algebra;normal;relations;fill-in-the-blanks,no_question_uid_answer_record
go:2469,cse:1994:set1:main:q2-2,GATE CSE 1994 | Question: 2.2,https://gateoverflow.in/2469/gate-cse-1994-question-2-2,gate1994,gate1994;set-theory&algebra;normal;group-theory;binary-operation;fill-in-the-blanks,no_question_uid_answer_record
go:2468,cse:1994:set1:main:q2-1,GATE CSE 1994 | Question: 2-1,https://gateoverflow.in/2468/gate-cse-1994-question-2-1,gate1994,gate1994;digital-logic;sequential-circuit;flip-flop;digital-counter;fill-in-the-blanks,no_question_uid_answer_record
go:2297,cse:1993:set1:main:q7-9-ugcnet-dec2012-iii-41,"GATE CSE 1993 | Question: 7.9, UGCNET-Dec2012-III: 41",https://gateoverflow.in/2297/gate-cse-1993-question-7-9-ugcnet-dec2012-iii-41,gate1993,gate1993;operating-system;resource-allocation;normal;ugcnetcse-dec2012-paper3;multiple-selects,no_question_uid_answer_record
go:2289,cse:1993:set1:main:q6-7,GATE CSE 1993 | Question: 6.7,https://gateoverflow.in/2289/gate-cse-1993-question-6-7,gate1993,gate1993;operating-system;disk;normal;descriptive,no_question_uid_answer_record
go:2286,cse:1993:set1:main:q6-5,GATE CSE 1993 | Question: 6.5,https://gateoverflow.in/2286/gate-cse-1993-question-6-5,gate1993,gate1993;digital-logic;number-representation;normal;descriptive,no_question_uid_answer_record
go:2285,cse:1993:set1:main:q6-6,GATE CSE 1993 | Question: 6.6,https://gateoverflow.in/2285/gate-cse-1993-question-6-6,gate1993,gate1993;digital-logic;normal;rom;descriptive,no_question_uid_answer_record
go:611,cse:1993:set1:main:q2-7,GATE CSE 1993 | Question: 02.7,https://gateoverflow.in/611/gate-cse-1993-question-02-7,gate1993,gate1993;linear-algebra;normal;matrix;fill-in-the-blanks,no_question_uid_answer_record
go:553,cse:1992:set1:main:q1-viii,"GATE CSE 1992 | Question: 01,viii",https://gateoverflow.in/553/gate-cse-1992-question-01-viii,gate1992,gate1992;compiler-design;assembler;normal;fill-in-the-blanks,no_question_uid_answer_record
go:552,cse:1992:set1:main:q1-vii,"GATE CSE 1992 | Question: 01,vii",https://gateoverflow.in/552/gate-cse-1992-question-01-vii,gate1992,gate1992;compiler-design;macros;easy;fill-in-the-blanks,no_question_uid_answer_record
go:550,cse:1992:set1:main:q1-v,"GATE CSE 1992 | Question: 01,v",https://gateoverflow.in/550/gate-cse-1992-question-01-v,gate1992,gate1992;computer-networks;network-flow;easy;fill-in-the-blanks,no_question_uid_answer_record
go:548,cse:1992:set1:main:q1-iv,GATE CSE 1992 | Question: 01-iv,https://gateoverflow.in/548/gate-cse-1992-question-01-iv,gate1992,gate1992;co-and-architecture;easy;instruction-execution;fill-in-the-blanks,no_question_uid_answer_record
go:547,cse:1992:set1:main:q1-iii,GATE CSE 1992 | Question: 01-iii,https://gateoverflow.in/547/gate-cse-1992-question-01-iii,gate1992,gate1992;normal;co-and-architecture;clock-frequency;fill-in-the-blanks,no_question_uid_answer_record
go:545,cse:1992:set1:main:q1-i,GATE CSE 1992 | Question: 01-i,https://gateoverflow.in/545/gate-cse-1992-question-01-i,gate1992,gate1992;digital-logic;k-map;normal;fill-in-the-blanks,no_question_uid_answer_record
go:525,cse:1991:set1:main:q3-xi,GATE CSE 1991 | Question: 03-xi,https://gateoverflow.in/525/gate-cse-1991-question-03-xi,gate1991,gate1991;operating-system;virtual-memory;normal;multiple-selects,no_question_uid_answer_record
go:514,cse:1991:set1:main:q2-iv,GATE CSE 1991 | Question: 02-iv,https://gateoverflow.in/514/gate-cse-1991-question-02-iv,gate1991,gate1991;combinatory;normal;match-the-following,no_question_uid_answer_record
go:513,cse:1991:set1:main:q2-iii,GATE CSE 1991 | Question: 02-iii,https://gateoverflow.in/513/gate-cse-1991-question-02-iii,gate1991,gate1991;operating-system;normal;match-the-following;runtime-environment,no_question_uid_answer_record
go:510,cse:1991:set1:main:q1-xv,"GATE CSE 1991 | Question: 01,xv",https://gateoverflow.in/510/gate-cse-1991-question-01-xv,gate1991,gate1991;graph-theory;graph-connectivity;normal;fill-in-the-blanks,no_question_uid_answer_record
go:509,cse:1991:set1:main:q1-xiv,"GATE CSE 1991 | Question: 01,xiv",https://gateoverflow.in/509/gate-cse-1991-question-01-xiv,gate1991,gate1991;set-theory&algebra;partial-order;normal;fill-in-the-blanks,no_question_uid_answer_record
go:508,cse:1991:set1:main:q1-xii,GATE CSE 1991 | Question: 01-xii,https://gateoverflow.in/508/gate-cse-1991-question-01-xii,gate1991,gate1991;operating-system;normal;precedence-graph;fill-in-the-blanks,no_question_uid_answer_record
go:504,cse:1991:set1:main:q1-vi,"GATE CSE 1991 | Question: 1,vi",https://gateoverflow.in/504/gate-cse-1991-question-1-vi,gate1991,gate1991;programming;loop-invariants;normal;fill-in-the-blanks,no_question_uid_answer_record
go:503,cse:1991:set1:main:q1-v,GATE CSE 1991 | Question: 01-v,https://gateoverflow.in/503/gate-cse-1991-question-01-v,gate1991,gate1991;digital-logic;normal;number-representation;fill-in-the-blanks,no_question_uid_answer_record
go:502,cse:1991:set1:main:q1-ix,"GATE CSE 1991 | Question: 1,ix",https://gateoverflow.in/502/gate-cse-1991-question-1-ix,gate1991,gate1991;binary-tree;easy;data-structures;descriptive,no_question_uid_answer_record
go:84039,cse:1990:set1:main:q2-x,GATE CSE 1990 | Question: 2-x,https://gateoverflow.in/84039/gate-cse-1990-question-2-x,gate1990,gate1990;match-the-following;set-theory&algebra;group-theory,no_question_uid_answer_record
go:84033,cse:1990:set1:main:q2-ix,GATE CSE 1990 | Question: 2-ix,https://gateoverflow.in/84033/gate-cse-1990-question-2-ix,gate1990,gate1990;match-the-following;compiler-design;compilation-phases,no_question_uid_answer_record
go:83993,cse:1990:set1:main:q2-viii,GATE CSE 1990 | Question: 2-viii,https://gateoverflow.in/83993/gate-cse-1990-question-2-viii,gate1990,gate1990;match-the-following;data-structures;heap,no_question_uid_answer_record
go:83980,cse:1990:set1:main:q2-v,GATE CSE 1990 | Question: 2-v,https://gateoverflow.in/83980/gate-cse-1990-question-2-v,gate1990,gate1990;match-the-following;compiler-design;runtime-environment;recursion,no_question_uid_answer_record
go:83977,cse:1990:set1:main:q2-iv,GATE CSE 1990 | Question: 2-iv,https://gateoverflow.in/83977/gate-cse-1990-question-2-iv,gate1990,gate1990;match-the-following;database-normalization;databases,no_question_uid_answer_record
go:83859,cse:1990:set1:main:q2-iii,GATE CSE 1990 | Question: 2-iii,https://gateoverflow.in/83859/gate-cse-1990-question-2-iii,gate1990,match-the-following;gate1990;operating-system;process-synchronization,no_question_uid_answer_record
go:83854,cse:1990:set1:main:q1-viii,GATE CSE 1990 | Question: 1-viii,https://gateoverflow.in/83854/gate-cse-1990-question-1-viii,gate1990,gate1990;graph-theory;graph-connectivity;fill-in-the-blanks,no_question_uid_answer_record
go:83851,cse:1990:set1:main:q1-vii,GATE CSE 1990 | Question: 1-vii,https://gateoverflow.in/83851/gate-cse-1990-question-1-vii,gate1990,gate1990;operating-system;semaphore;process-synchronization;fill-in-the-blanks,no_question_uid_answer_record
go:83850,cse:1990:set1:main:q1-vi,GATE CSE 1990 | Question: 1-vi,https://gateoverflow.in/83850/gate-cse-1990-question-1-vi,gate1990,gate1990;operating-system;process-scheduling;fill-in-the-blanks,no_question_uid_answer_record
go:83833,cse:1990:set1:main:q1-v,GATE CSE 1990 | Question: 1-v,https://gateoverflow.in/83833/gate-cse-1990-question-1-v,gate1990,gate1990;operating-system;virtual-memory;fill-in-the-blanks,no_question_uid_answer_record
go:83830,cse:1990:set1:main:q1-iv-a,GATE CSE 1990 | Question: 1-iv-a,https://gateoverflow.in/83830/gate-cse-1990-question-1-iv-a,gate1990,gate1990;digital-logic;number-representation;floating-point-representation;fill-in-the-blanks,no_question_uid_answer_record
go:83829,cse:1990:set1:main:q1-i,GATE CSE 1990 | Question: 1-i,https://gateoverflow.in/83829/gate-cse-1990-question-1-i,gate1990,gate1990;digital-logic;adder;fill-in-the-blanks,no_question_uid_answer_record
go:87874,cse:1989:set1:main:q4-i,GATE CSE 1989 | Question: 4-i,https://gateoverflow.in/87874/gate-cse-1989-question-4-i,gate1989,gate1989;descriptive;combinatory;normal;proof,no_question_uid_answer_record
go:87129,cse:1989:set1:main:q3-vi,GATE CSE 1989 | Question: 3-vi,https://gateoverflow.in/87129/gate-cse-1989-question-3-vi,gate1989,gate1989;normal;graph-theory;graph-planarity;descriptive,no_question_uid_answer_record
go:87081,cse:1989:set1:main:q2-iv,GATE CSE 1989 | Question: 2-iv,https://gateoverflow.in/87081/gate-cse-1989-question-2-iv,gate1989,match-the-following;gate1989;operating-system;virtual-memory,no_question_uid_answer_record
go:87080,cse:1989:set1:main:q2-iii,GATE CSE 1989 | Question: 2-iii,https://gateoverflow.in/87080/gate-cse-1989-question-2-iii,gate1989,gate1989;match-the-following;algorithms;time-complexity,no_question_uid_answer_record
go:87078,cse:1989:set1:main:q2-ii,GATE CSE 1989 | Question: 2-ii,https://gateoverflow.in/87078/gate-cse-1989-question-2-ii,gate1989,gate1989;match-the-following;co-and-architecture;addressing-modes;easy,no_question_uid_answer_record
go:87053,cse:1989:set1:main:q1-vi,GATE CSE 1989 | Question: 1-vi,https://gateoverflow.in/87053/gate-cse-1989-question-1-vi,gate1989,descriptive;gate1989;digital-logic;number-representation;floating-point-representation,no_question_uid_answer_record
go:87051,cse:1989:set1:main:q1-v,GATE CSE 1989 | Question: 1-v,https://gateoverflow.in/87051/gate-cse-1989-question-1-v,gate1989,gate1989;descriptive;set-theory&algebra;binary-operation,no_question_uid_answer_record
go:87048,cse:1989:set1:main:q1-iv,GATE CSE 1989 | Question: 1-iv,https://gateoverflow.in/87048/gate-cse-1989-question-1-iv,gate1989,gate1989;set-theory&algebra;relations;descriptive,no_question_uid_answer_record
go:87046,cse:1989:set1:main:q1-iii,GATE CSE 1989 | Question: 1-iii,https://gateoverflow.in/87046/gate-cse-1989-question-1-iii,gate1989,gate1989;descriptive;compiler-design;parsing,no_question_uid_answer_record
go:94368,cse:1988:set1:main:q7iii,GATE CSE 1988 | Question: 7iii,https://gateoverflow.in/94368/gate-cse-1988-question-7iii,gate1988,gate1988;normal;descriptive;data-structures;binary-tree,no_question_uid_answer_record
go:94367,cse:1988:set1:main:q7ii,GATE CSE 1988 | Question: 7ii,https://gateoverflow.in/94367/gate-cse-1988-question-7ii,gate1988,gate1988;data-structures;normal;descriptive;binary-tree,no_question_uid_answer_record
go:94366,cse:1988:set1:main:q7i,GATE CSE 1988 | Question: 7i,https://gateoverflow.in/94366/gate-cse-1988-question-7i,gate1988,gate1988;normal;descriptive;data-structures;binary-tree,no_question_uid_answer_record
go:94364,cse:1988:set1:main:q6ii,GATE CSE 1988 | Question: 6ii,https://gateoverflow.in/94364/gate-cse-1988-question-6ii,gate1988,gate1988;normal;descriptive;loop-invariants,no_question_uid_answer_record
go:94363,cse:1988:set1:main:q6i,GATE CSE 1988 | Question: 6i,https://gateoverflow.in/94363/gate-cse-1988-question-6i,gate1988,gate1988;normal;descriptive;algorithms;time-complexity,no_question_uid_answer_record
go:94361,cse:1988:set1:main:q5i,GATE CSE 1988 | Question: 5i,https://gateoverflow.in/94361/gate-cse-1988-question-5i,gate1988,gate1988;normal;descriptive;co-and-architecture;unsolved,no_question_uid_answer_record
go:94360,cse:1988:set1:main:q4ii,GATE CSE 1988 | Question: 4ii,https://gateoverflow.in/94360/gate-cse-1988-question-4ii,gate1988,gate1988;digital-logic;descriptive;adder,no_question_uid_answer_record
go:94359,cse:1988:set1:main:q4i,GATE CSE 1988 | Question: 4i,https://gateoverflow.in/94359/gate-cse-1988-question-4i,gate1988,gate1988;descriptive;co-and-architecture;data-path;unsolved,no_question_uid_answer_record
go:94358,cse:1988:set1:main:q3a-b,GATE CSE 1988 | Question: 3a-b,https://gateoverflow.in/94358/gate-cse-1988-question-3a-b,gate1988,gate1988;descriptive;digital-logic;k-map,no_question_uid_answer_record
go:94353,cse:1988:set1:main:q2xviii,GATE CSE 1988 | Question: 2xviii,https://gateoverflow.in/94353/gate-cse-1988-question-2xviii,gate1988,gate1988;descriptive;group-theory,no_question_uid_answer_record
go:94350,cse:1988:set1:main:q2xvii,GATE CSE 1988 | Question: 2xvii,https://gateoverflow.in/94350/gate-cse-1988-question-2xvii,gate1988,gate1988;descriptive;compiler-design;intermediate-code,no_question_uid_answer_record
go:94340,cse:1988:set1:main:q2xvi,GATE CSE 1988 | Question: 2xvi,https://gateoverflow.in/94340/gate-cse-1988-question-2xvi,gate1988,gate1988;descriptive;graph-theory;graph-connectivity,no_question_uid_answer_record
go:93966,cse:1988:set1:main:q2xii,GATE CSE 1988 | Question: 2xii,https://gateoverflow.in/93966/gate-cse-1988-question-2xii,gate1988,gate1988;normal;descriptive;runtime-environment;compiler-design,no_question_uid_answer_record
go:93955,cse:1988:set1:main:q2xi,GATE CSE 1988 | Question: 2xi,https://gateoverflow.in/93955/gate-cse-1988-question-2xi,gate1988,gate1988;descriptive;operating-system;process-synchronization;unsolved,no_question_uid_answer_record
go:93953,cse:1988:set1:main:q2xb,GATE CSE 1988 | Question: 2xb,https://gateoverflow.in/93953/gate-cse-1988-question-2xb,gate1988,gate1988;normal;descriptive;operating-system;process-scheduling,no_question_uid_answer_record
go:93951,cse:1988:set1:main:q2xa,GATE CSE 1988 | Question: 2xa,https://gateoverflow.in/93951/gate-cse-1988-question-2xa,gate1988,gate1988;normal;descriptive;operating-system;process-scheduling,no_question_uid_answer_record
go:93949,cse:1988:set1:main:q2ix,GATE CSE 1988 | Question: 2ix,https://gateoverflow.in/93949/gate-cse-1988-question-2ix,gate1988,gate1988;normal;descriptive;theory-of-computation;identify-class-language,no_question_uid_answer_record
go:93948,cse:1988:set1:main:q2viii,GATE CSE 1988 | Question: 2viii,https://gateoverflow.in/93948/gate-cse-1988-question-2viii,gate1988,gate1988;theory-of-computation;descriptive;decidability;turing-machine,no_question_uid_answer_record
go:93947,cse:1988:set1:main:q2vii,GATE CSE 1988 | Question: 2vii,https://gateoverflow.in/93947/gate-cse-1988-question-2vii,gate1988,gate1988;descriptive;mathematical-logic;propositional-logic,no_question_uid_answer_record
go:91685,cse:1988:set1:main:q2-v,GATE CSE 1988 | Question: 2-v,https://gateoverflow.in/91685/gate-cse-1988-question-2-v,gate1988,gate1988;descriptive;digital-logic;easy;circuit-output;min-sum-of-products-form,no_question_uid_answer_record
go:91679,cse:1988:set1:main:q2-iii,GATE CSE 1988 | Question: 2-iii,https://gateoverflow.in/91679/gate-cse-1988-question-2-iii,gate1988,gate1988;digital-logic;descriptive;boolean-algebra,no_question_uid_answer_record
go:91676,cse:1988:set1:main:q2-ii,GATE CSE 1988 | Question: 2-ii,https://gateoverflow.in/91676/gate-cse-1988-question-2-ii,gate1988,gate1988;normal;co-and-architecture;instruction-format;descriptive,no_question_uid_answer_record
go:91351,cse:1988:set1:main:q1vii,GATE CSE 1988 | Question: 1vii,https://gateoverflow.in/91351/gate-cse-1988-question-1vii,gate1988,gate1988;descriptive;lattice;set-theory&algebra,no_question_uid_answer_record
go:80584,cse:1987:set1:main:q2e,GATE CSE 1987 | Question: 2e,https://gateoverflow.in/80584/gate-cse-1987-question-2e,gate1987,gate1987;graph-theory;graph-planarity;true-false,no_question_uid_answer_record
go:302793,cse:2019:set1:main:q55,GATE CSE 2019 | Question: 55,https://gateoverflow.in/302793/gate-cse-2019-question-55,gatecse-2019,gatecse-2019;numerical-answers;databases;relational-algebra;2-marks,no_question_uid_answer_record
go:80,cse:2013:set1:main:q47,GATE CSE 2013 | Question: 47,https://gateoverflow.in/80/gate-cse-2013-question-47,gatecse-2013,mathematical-logic;normal;marks-to-all;gatecse-2013;first-order-logic,no_question_uid_answer_record
go:401,cse:2008:set1:main:q3,GATE CSE 2008 | Question: 3,https://gateoverflow.in/401/gate-cse-2008-question-3,gatecse-2008,gatecse-2008;easy;linear-algebra;system-of-equations,no_question_uid_answer_record
go:1224,cse:2007:set1:main:q26,GATE CSE 2007 | Question: 26,https://gateoverflow.in/1224/gate-cse-2007-question-26,gatecse-2007,gatecse-2007;set-theory&algebra;normal;partial-order;descriptive,no_question_uid_answer_record
go:2597,cse:1995:set1:main:q1-10,GATE CSE 1995 | Question: 1.10,https://gateoverflow.in/2597/gate-cse-1995-question-1-10,gate1995,gate1995;compiler-design;grammar;normal,no_question_uid_answer_record
go:422817,cse:2024:set1:main:q25,GATE CSE 2024 | Set 1 | Question: 25,https://gateoverflow.in/422817/gate-cse-2024-set-1-question-25,gatecse-2024-set1,gatecse-2024-set1;numerical-answers;databases;relational-algebra;one-mark;er-diagram;b-tree;multiple-selects;database-normalization;two-marks,no_question_uid_answer_record
go:422862,cse:2024:set2:main:q35,GATE CSE 2024 | Set 2 | Question: 35,https://gateoverflow.in/422862/gate-cse-2024-set-2-question-35,gatecse-2024-set2,gatecse-2024-set2;databases;relational-algebra;two-marks;numerical-answers;database-normalization;transaction-and-concurrency;easy;one-mark;er-diagram;multiple-selects;indexing,no_question_uid_answer_record
go:460051,cse:2025:set1:main:q29,GATE CSE 2025 | Set 1 | Question: 29,https://gateoverflow.in/460051/gate-cse-2025-set-1-question-29,,gatecse-2025-set1;databases;tuple-relational-calculus;two-marks;functional-dependency;database-normalization;multiple-selects;sql;numerical-answers;easy;goclasses;transaction-and-concurrency;one-mark,no_question_uid_answer_record
